cascade_id,node_id,infection_time,interaction_type
959,959,1341410223.0,SEED
959,106399,1341410223.0,RT
959,239790,1341410408.0,RT
959,58395,1341410546.0,RT
959,190273,1341410578.0,RT
959,119268,1341410830.0,RT
959,37844,1341410870.0,RT
959,101624,1341411285.0,RT
959,332285,1341411530.0,RT
959,52814,1341412538.0,RT
959,240855,1341413876.0,RT
959,137356,1341414008.0,RT
959,54060,1341414551.0,RT
959,27454,1341417123.0,RT
959,15438,1341417146.0,RT
959,91672,1341423581.0,RT
959,315546,1341427925.0,RT
959,223287,1341430155.0,RT
959,438646,1341430319.0,RT
959,383139,1341468760.0,RT
1138,1138,1341427592.0,SEED
1138,213384,1341427592.0,RT
1138,120164,1341427848.0,RT
1138,90562,1341428471.0,RT
1138,19929,1341429248.0,RT
1138,88935,1341429285.0,RT
1138,22359,1341429534.0,RT
1138,32113,1341429955.0,RT
1138,9996,1341430834.0,RT
1138,49859,1341431053.0,RT
1138,83663,1341431873.0,RT
1138,21312,1341433634.0,RT
1138,115844,1341434264.0,RT
1138,21293,1341435369.0,RT
1138,277974,1341436165.0,RT
1138,52112,1341439145.0,RT
1138,98170,1341442340.0,RT
1138,149293,1341465313.0,RT
1138,135710,1341470416.0,RT
1138,114359,1341523882.0,RT
1795,1795,1341500756.0,SEED
1795,81427,1341500756.0,RT
1795,77195,1341500794.0,RT
1795,176214,1341500820.0,RT
1795,88040,1341500845.0,RT
1795,9230,1341500889.0,RT
1795,198180,1341500910.0,RT
1795,34591,1341501077.0,RT
1795,151385,1341501097.0,RT
1795,245888,1341501306.0,RT
1795,191923,1341501337.0,RT
1795,42336,1341501394.0,RT
1795,255319,1341501410.0,RT
1795,168162,1341501466.0,RT
1795,260630,1341501497.0,RT
1795,253027,1341501542.0,RT
1795,125417,1341501566.0,RT
1795,344574,1341502950.0,RT
1795,218197,1341504572.0,RT
1795,192157,1341506031.0,RT
1907,1907,1341487376.0,SEED
1907,116996,1341487376.0,RT
1907,26448,1341487397.0,RT
1907,67144,1341487743.0,RT
1907,19787,1341487852.0,RT
1907,371774,1341488223.0,RT
1907,256080,1341488593.0,RT
1907,25773,1341489405.0,RT
1907,273987,1341490184.0,RT
1907,226147,1341492859.0,RT
1907,42961,1341496473.0,RT
1907,259679,1341498827.0,RT
1907,79516,1341509865.0,RT
1907,77884,1341509930.0,RT
1907,161002,1341510536.0,RT
1907,401686,1341510933.0,RT
1907,144720,1341511085.0,RT
1907,224217,1341511935.0,RT
1907,61932,1341515036.0,RT
1907,171565,1341533484.0,RT
2387,2387,1341382537.0,SEED
2387,29275,1341382537.0,RT
2387,131419,1341382543.0,RT
2387,126889,1341382571.0,RT
2387,180497,1341382633.0,RT
2387,50648,1341382635.0,RT
2387,139516,1341382700.0,RT
2387,26743,1341382800.0,RT
2387,69815,1341382808.0,RT
2387,453677,1341383180.0,RT
2387,153769,1341383673.0,RT
2387,89871,1341383819.0,RT
2387,38783,1341383937.0,RT
2387,218214,1341384130.0,RT
2387,29641,1341384877.0,RT
2387,264474,1341393741.0,RT
2387,125072,1341400678.0,RT
2387,138494,1341414949.0,RT
2387,29417,1341576233.0,RT
2387,204977,1341582091.0,RT
4875,4875,1341385619.0,SEED
4875,150912,1341385619.0,RT
4875,383181,1341385639.0,RT
4875,194405,1341385657.0,RT
4875,36079,1341385676.0,RT
4875,31086,1341385851.0,RT
4875,87459,1341385868.0,RT
4875,86465,1341385870.0,RT
4875,75845,1341386031.0,RT
4875,275154,1341386192.0,RT
4875,314884,1341386249.0,RT
4875,65299,1341396713.0,RT
4875,65308,1341405879.0,RT
4875,40258,1341409306.0,RT
4875,90979,1341409314.0,RT
4875,90605,1341409355.0,RT
4875,203521,1341409888.0,RT
4875,105981,1341411545.0,RT
4875,329349,1341414521.0,RT
4875,86449,1341472952.0,RT
10482,10482,1341290852.0,SEED
10482,35619,1341290852.0,RT
10482,153726,1341310290.0,RT
10482,410556,1341343727.0,RT
10482,46085,1341375750.0,RT
10482,296641,1341375951.0,RT
10482,75122,1341378366.0,RT
10482,37443,1341381976.0,RT
10482,44870,1341382613.0,RT
10482,169489,1341382764.0,RT
10482,144955,1341384292.0,RT
10482,6451,1341385345.0,RT
10482,290553,1341385564.0,RT
10482,97293,1341386781.0,RT
10482,15210,1341386783.0,RT
10482,86496,1341386806.0,RT
10482,378529,1341386949.0,RT
10482,47464,1341387168.0,RT
10482,14463,1341394977.0,RT
10482,158718,1341396206.0,RT
10482,153726,1341398014.0,RT
10638,8292,1341345485.0,RT
10638,10638,1341345485.0,SEED
10638,400,1341345501.0,RT
10638,7319,1341345525.0,RT
10638,125104,1341345557.0,RT
10638,27285,1341345589.0,RT
10638,34613,1341345617.0,RT
10638,79634,1341345621.0,RT
10638,1484,1341345645.0,RT
10638,196468,1341345758.0,RT
10638,385528,1341345920.0,RT
10638,26981,1341346033.0,RT
10638,166523,1341346039.0,RT
10638,186084,1341346130.0,RT
10638,20020,1341346159.0,RT
10638,358535,1341346582.0,RT
10638,189616,1341346867.0,RT
10638,225609,1341347677.0,RT
10638,39877,1341348112.0,RT
10638,157838,1341349596.0,RT
10925,10925,1341392920.0,SEED
10925,209377,1341392920.0,RT
10925,74762,1341393328.0,RT
10925,166967,1341394784.0,RT
10925,63589,1341395447.0,RT
10925,210876,1341396534.0,RT
10925,126717,1341396620.0,RT
10925,172746,1341396987.0,RT
10925,24654,1341397071.0,RT
10925,100779,1341397846.0,RT
10925,134486,1341410411.0,RT
10925,48233,1341410552.0,RT
10925,125279,1341420848.0,RT
10925,139714,1341425076.0,RT
10925,122573,1341439555.0,RT
10925,97574,1341469982.0,RT
10925,94347,1341472642.0,RT
10925,194989,1341477329.0,RT
10925,200018,1341477852.0,RT
10925,47271,1341479821.0,RT
11830,11830,1341379460.0,SEED
11830,345694,1341379460.0,RT
11830,100696,1341379538.0,RT
11830,68191,1341379612.0,RT
11830,172283,1341379654.0,RT
11830,8209,1341381621.0,RT
11830,102077,1341381721.0,RT
11830,199477,1341381730.0,RT
11830,8209,1341381840.0,RT
11830,21953,1341381861.0,RT
11830,58300,1341381914.0,RT
11830,298515,1341382068.0,RT
11830,289420,1341382444.0,RT
11830,36137,1341382475.0,RT
11830,49319,1341382801.0,RT
11830,111235,1341382867.0,RT
11830,18184,1341383545.0,RT
11830,27304,1341384490.0,RT
11830,158346,1341385838.0,RT
11830,80748,1341386235.0,RT
11830,441505,1341394591.0,RT
12498,12498,1341395787.0,SEED
12498,170394,1341395787.0,RT
12498,155706,1341395796.0,RT
12498,21677,1341395858.0,RT
12498,361146,1341396160.0,RT
12498,433598,1341396243.0,RT
12498,421955,1341396495.0,RT
12498,433055,1341397146.0,RT
12498,45784,1341397431.0,RT
12498,228744,1341397582.0,RT
12498,281769,1341397725.0,RT
12498,291874,1341397812.0,RT
12498,393878,1341397882.0,RT
12498,131050,1341398139.0,RT
12498,101686,1341398382.0,RT
12498,404064,1341400378.0,RT
12498,382574,1341400956.0,RT
12498,310097,1341405333.0,RT
12498,21623,1341424854.0,RT
12498,23757,1341425136.0,RT
17312,17312,1341236008.0,SEED
17312,59437,1341236008.0,RT
17312,43437,1341260323.0,RT
17312,34894,1341375135.0,RT
17312,159201,1341496830.0,RT
17312,1282,1341499415.0,RT
17312,1320,1341499539.0,RT
17312,104578,1341500011.0,RT
17312,32322,1341500704.0,RT
17312,17597,1341501079.0,RT
17312,104580,1341501375.0,RT
17312,255588,1341501634.0,RT
17312,22886,1341506436.0,RT
17312,38319,1341508068.0,RT
17312,31620,1341510429.0,RT
17312,100464,1341511822.0,RT
17312,299254,1341513767.0,RT
17312,27930,1341516853.0,RT
17312,212678,1341522399.0,RT
17312,250684,1341616545.0,RT
18450,8746,1341410855.0,RT
18450,18450,1341410855.0,SEED
18450,68809,1341410953.0,RT
18450,8889,1341412514.0,RT
18450,19965,1341412533.0,RT
18450,117017,1341412633.0,RT
18450,8998,1341412663.0,RT
18450,19927,1341455879.0,RT
18450,114539,1341455889.0,RT
18450,18446,1341456073.0,RT
18450,227863,1341456481.0,RT
18450,190712,1341456680.0,RT
18450,8889,1341456884.0,RT
18450,86623,1341456887.0,RT
18450,107091,1341456976.0,RT
18450,68798,1341457554.0,RT
18450,118057,1341457586.0,RT
18450,269474,1341457627.0,RT
18450,75888,1341457900.0,RT
18450,85457,1341459439.0,RT
18450,273905,1341537890.0,RT
18451,18451,1341437329.0,SEED
18451,90418,1341437329.0,RT
18451,236073,1341437368.0,RT
18451,243868,1341437727.0,RT
18451,8908,1341481613.0,RT
18451,118060,1341481784.0,RT
18451,58961,1341481789.0,RT
18451,397243,1341482311.0,RT
18451,29624,1341484068.0,RT
18451,291109,1341490924.0,RT
18451,8951,1341508868.0,RT
18451,19996,1341508868.0,RT
18451,86758,1341508924.0,RT
18451,181078,1341508985.0,RT
18451,292557,1341508985.0,RT
18451,68825,1341509003.0,RT
18451,299510,1341509097.0,RT
18451,98667,1341509479.0,RT
18451,293138,1341509558.0,RT
18451,182783,1341512922.0,RT
18575,18575,1341231887.0,SEED
18575,277890,1341231887.0,RT
18575,50698,1341378851.0,RT
18575,129683,1341379728.0,RT
18575,115369,1341379800.0,RT
18575,62840,1341380914.0,RT
18575,18939,1341381144.0,RT
18575,115369,1341381173.0,RT
18575,50698,1341381375.0,RT
18575,115369,1341381423.0,RT
18575,249879,1341381469.0,RT
18575,57593,1341384281.0,RT
18575,126672,1341384298.0,RT
18575,129683,1341384347.0,RT
18575,126299,1341386121.0,RT
18575,225208,1341390579.0,RT
18575,85758,1341391168.0,RT
18575,224832,1341392129.0,RT
18575,341144,1341403540.0,RT
18575,100034,1341414968.0,RT
18575,112868,1341421494.0,RT
18575,62837,1341427423.0,RT
18575,406589,1341431282.0,RT
18575,202201,1341498700.0,RT
20373,20373,1341382616.0,SEED
20373,33784,1341382616.0,RT
20373,51181,1341382750.0,RT
20373,33784,1341383005.0,RT
20373,33806,1341388228.0,RT
20373,209613,1341388302.0,RT
20373,89707,1341388657.0,RT
20373,138444,1341388859.0,RT
20373,160430,1341388937.0,RT
20373,60380,1341389006.0,RT
20373,180544,1341389126.0,RT
20373,159565,1341389243.0,RT
20373,20169,1341427075.0,RT
20373,419609,1341436336.0,RT
20373,33793,1341448751.0,RT
20373,3430,1341450372.0,RT
20373,156248,1341467982.0,RT
20373,98356,1341468411.0,RT
20373,142669,1341517918.0,RT
20373,62457,1341551723.0,RT
20373,13460,1341562083.0,RT
20624,20624,1341346145.0,SEED
20624,179666,1341346145.0,RT
20624,9277,1341346630.0,RT
20624,21704,1341350024.0,RT
20624,215753,1341363044.0,RT
20624,64523,1341376762.0,RT
20624,4326,1341380913.0,RT
20624,210194,1341381723.0,RT
20624,92345,1341382471.0,RT
20624,196658,1341382482.0,RT
20624,16707,1341382603.0,RT
20624,247398,1341383206.0,RT
20624,160162,1341383938.0,RT
20624,346812,1341386657.0,RT
20624,214169,1341387409.0,RT
20624,191853,1341388388.0,RT
20624,141303,1341389240.0,RT
20624,38535,1341390275.0,RT
20624,97300,1341391601.0,RT
20624,316202,1341407222.0,RT
22775,22775,1341399217.0,SEED
22775,22781,1341399217.0,RT
22775,20120,1341399230.0,RT
22775,48678,1341399236.0,RT
22775,251691,1341399241.0,RT
22775,48933,1341399290.0,RT
22775,12949,1341399308.0,RT
22775,98728,1341399326.0,RT
22775,229969,1341399394.0,RT
22775,46673,1341399397.0,RT
22775,210927,1341399685.0,RT
22775,22832,1341399772.0,RT
22775,310613,1341399772.0,RT
22775,61220,1341399791.0,RT
22775,46961,1341399970.0,RT
22775,34020,1341400083.0,RT
22775,111117,1341400557.0,RT
22775,402252,1341403437.0,RT
22775,3742,1341408445.0,RT
22775,89183,1341526433.0,RT
23761,23761,1341247964.0,SEED
23761,199365,1341247964.0,RT
23761,43177,1341248011.0,RT
23761,32669,1341248065.0,RT
23761,377692,1341251537.0,RT
23761,84554,1341375293.0,RT
23761,39487,1341375439.0,RT
23761,31976,1341375839.0,RT
23761,210924,1341375959.0,RT
23761,264529,1341376901.0,RT
23761,95390,1341379192.0,RT
23761,362573,1341379213.0,RT
23761,184080,1341379260.0,RT
23761,392755,1341379370.0,RT
23761,202174,1341379712.0,RT
23761,53861,1341379768.0,RT
23761,212301,1341379938.0,RT
23761,269009,1341380840.0,RT
23761,169065,1341383495.0,RT
23761,339052,1341400542.0,RT
24539,24539,1341400526.0,SEED
24539,24557,1341400526.0,RT
24539,24540,1341402480.0,RT
24539,9384,1341402576.0,RT
24539,18906,1341402754.0,RT
24539,206815,1341402796.0,RT
24539,29699,1341402893.0,RT
24539,23261,1341402900.0,RT
24539,424028,1341402907.0,RT
24539,160833,1341402945.0,RT
24539,208710,1341403018.0,RT
24539,34526,1341404343.0,RT
24539,198133,1341404553.0,RT
24539,123979,1341405047.0,RT
24539,123978,1341405588.0,RT
24539,76823,1341408590.0,RT
24539,174862,1341417844.0,RT
24539,105524,1341420821.0,RT
24539,98949,1341421586.0,RT
24539,34504,1341426969.0,RT
24751,24751,1341463727.0,SEED
24751,24758,1341463727.0,RT
24751,107944,1341464437.0,RT
24751,120872,1341466077.0,RT
24751,24755,1341471701.0,RT
24751,111473,1341471717.0,RT
24751,221630,1341471725.0,RT
24751,100062,1341471837.0,RT
24751,272778,1341472050.0,RT
24751,303963,1341475731.0,RT
24751,206556,1341485883.0,RT
24751,109013,1341490308.0,RT
24751,197988,1341490345.0,RT
24751,132641,1341490348.0,RT
24751,101061,1341490423.0,RT
24751,111478,1341490476.0,RT
24751,24754,1341490586.0,RT
24751,332409,1341490596.0,RT
24751,111464,1341490648.0,RT
24751,165337,1341490793.0,RT
24804,24804,1341412185.0,SEED
24804,82339,1341412185.0,RT
24804,174543,1341412255.0,RT
24804,82776,1341412257.0,RT
24804,293762,1341412326.0,RT
24804,283918,1341412327.0,RT
24804,264571,1341412356.0,RT
24804,399035,1341412466.0,RT
24804,271348,1341412652.0,RT
24804,375620,1341412882.0,RT
24804,225615,1341412999.0,RT
24804,49318,1341413052.0,RT
24804,48171,1341413514.0,RT
24804,295539,1341414009.0,RT
24804,118910,1341414228.0,RT
24804,322438,1341414357.0,RT
24804,306153,1341414946.0,RT
24804,422967,1341416274.0,RT
24804,246547,1341417176.0,RT
24804,115647,1341423857.0,RT
25388,25388,1341518724.0,SEED
25388,381490,1341518724.0,RT
25388,86482,1341518749.0,RT
25388,198552,1341518814.0,RT
25388,113881,1341519964.0,RT
25388,383,1341523106.0,RT
25388,309535,1341523195.0,RT
25388,287032,1341523208.0,RT
25388,289212,1341523278.0,RT
25388,234825,1341523335.0,RT
25388,409820,1341523374.0,RT
25388,456391,1341523938.0,RT
25388,111028,1341524060.0,RT
25388,272358,1341524306.0,RT
25388,93751,1341524683.0,RT
25388,1703,1341526008.0,RT
25388,145266,1341527229.0,RT
25388,188384,1341532542.0,RT
25388,92778,1341533846.0,RT
25388,424909,1341543015.0,RT
27065,27065,1341427504.0,SEED
27065,70908,1341427504.0,RT
27065,315626,1341427511.0,RT
27065,75441,1341427693.0,RT
27065,21598,1341427815.0,RT
27065,169009,1341427912.0,RT
27065,11530,1341428181.0,RT
27065,431817,1341429706.0,RT
27065,92739,1341458613.0,RT
27065,216490,1341469374.0,RT
27065,7381,1341469427.0,RT
27065,138369,1341469475.0,RT
27065,23878,1341469490.0,RT
27065,350740,1341469566.0,RT
27065,20505,1341469651.0,RT
27065,269392,1341470296.0,RT
27065,124450,1341470313.0,RT
27065,431817,1341472832.0,RT
27065,12481,1341477872.0,RT
27065,124454,1341478109.0,RT
27065,38299,1341480488.0,RT
28115,21719,1341293928.0,RT
28115,28115,1341293928.0,SEED
28115,34922,1341378526.0,RT
28115,36415,1341378539.0,RT
28115,103172,1341378567.0,RT
28115,392791,1341378641.0,RT
28115,96069,1341378739.0,RT
28115,104696,1341378788.0,RT
28115,310763,1341378844.0,RT
28115,57974,1341380338.0,RT
28115,35277,1341385776.0,RT
28115,15828,1341386546.0,RT
28115,63262,1341387023.0,RT
28115,30764,1341387040.0,RT
28115,327224,1341389051.0,RT
28115,124698,1341390656.0,RT
28115,31317,1341408495.0,RT
28115,387585,1341470194.0,RT
28115,439115,1341530832.0,RT
28115,387586,1341601057.0,RT
28527,28527,1341398369.0,SEED
28527,156977,1341398369.0,RT
28527,306347,1341398454.0,RT
28527,172876,1341399023.0,RT
28527,74468,1341400065.0,RT
28527,74289,1341400310.0,RT
28527,46283,1341400510.0,RT
28527,303955,1341426822.0,RT
28527,35480,1341486821.0,RT
28527,392919,1341486843.0,RT
28527,35461,1341486861.0,RT
28527,68767,1341486930.0,RT
28527,290892,1341486934.0,RT
28527,85020,1341486941.0,RT
28527,34865,1341487278.0,RT
28527,242558,1341487414.0,RT
28527,288501,1341487933.0,RT
28527,351545,1341488913.0,RT
28527,259798,1341490060.0,RT
28527,259798,1341490287.0,RT
28527,78454,1341490836.0,RT
28962,28962,1341346721.0,SEED
28962,52199,1341346721.0,RT
28962,160657,1341347078.0,RT
28962,76408,1341349859.0,RT
28962,140046,1341379701.0,RT
28962,18900,1341379745.0,RT
28962,11362,1341380803.0,RT
28962,174027,1341380910.0,RT
28962,67517,1341380982.0,RT
28962,7242,1341381563.0,RT
28962,67315,1341381628.0,RT
28962,84215,1341381814.0,RT
28962,107800,1341382605.0,RT
28962,52199,1341382883.0,RT
28962,52199,1341383347.0,RT
28962,52199,1341384006.0,RT
28962,10032,1341384020.0,RT
28962,52199,1341384152.0,RT
28962,52199,1341384653.0,RT
28962,28864,1341384785.0,RT
28962,153457,1341385645.0,RT
28962,438177,1341387121.0,RT
28962,61048,1341388724.0,RT
28962,287026,1341457736.0,RT
28962,11366,1341462197.0,RT
28962,52199,1341462245.0,RT
30185,30185,1341685508.0,SEED
30185,198512,1341685508.0,RT
30185,358512,1341685512.0,RT
30185,286376,1341685523.0,RT
30185,25596,1341685530.0,RT
30185,229125,1341685534.0,RT
30185,267256,1341685581.0,RT
30185,215069,1341685608.0,RT
30185,70397,1341685626.0,RT
30185,103043,1341685670.0,RT
30185,199909,1341685700.0,RT
30185,162688,1341685880.0,RT
30185,406863,1341686083.0,RT
30185,268067,1341686233.0,RT
30185,163747,1341686357.0,RT
30185,268277,1341686485.0,RT
30185,115742,1341686688.0,RT
30185,363683,1341687726.0,RT
30185,403068,1341692266.0,RT
30185,422645,1341693897.0,RT
31310,14598,1341427852.0,RT
31310,31310,1341427852.0,SEED
31310,273010,1341427903.0,RT
31310,341599,1341427911.0,RT
31310,67714,1341427967.0,RT
31310,398147,1341428116.0,RT
31310,72026,1341428350.0,RT
31310,31594,1341428469.0,RT
31310,194547,1341428608.0,RT
31310,361546,1341428626.0,RT
31310,116221,1341428663.0,RT
31310,405505,1341428969.0,RT
31310,122272,1341429662.0,RT
31310,213677,1341429688.0,RT
31310,263021,1341430001.0,RT
31310,367807,1341430115.0,RT
31310,369323,1341431268.0,RT
31310,297387,1341432389.0,RT
31310,390722,1341463373.0,RT
31310,445724,1341467491.0,RT
32274,1240,1341295269.0,RT
32274,32274,1341295269.0,SEED
32274,12052,1341295358.0,RT
32274,88761,1341296150.0,RT
32274,63892,1341296474.0,RT
32274,24599,1341296490.0,RT
32274,126308,1341296542.0,RT
32274,41398,1341296821.0,RT
32274,201832,1341297883.0,RT
32274,4458,1341298015.0,RT
32274,10919,1341299352.0,RT
32274,23402,1341299808.0,RT
32274,208765,1341300020.0,RT
32274,50890,1341300930.0,RT
32274,36646,1341301903.0,RT
32274,73917,1341302979.0,RT
32274,230309,1341304167.0,RT
32274,73917,1341304618.0,RT
32274,41427,1341322135.0,RT
32274,63890,1341322749.0,RT
32274,144433,1341397337.0,RT
34802,34802,1341428741.0,SEED
34802,168530,1341428741.0,RT
34802,135471,1341428950.0,RT
34802,269547,1341428997.0,RT
34802,276858,1341429004.0,RT
34802,271247,1341430575.0,RT
34802,367104,1341431856.0,RT
34802,324575,1341433532.0,RT
34802,396375,1341433825.0,RT
34802,382394,1341434026.0,RT
34802,433660,1341434323.0,RT
34802,123307,1341434914.0,RT
34802,259957,1341450078.0,RT
34802,357888,1341450301.0,RT
34802,104128,1341450343.0,RT
34802,226545,1341450383.0,RT
34802,110984,1341451981.0,RT
34802,312662,1341452066.0,RT
34802,412067,1341458026.0,RT
34802,312661,1341480178.0,RT
35348,35348,1341375420.0,SEED
35348,50250,1341375420.0,RT
35348,63169,1341375483.0,RT
35348,38819,1341375789.0,RT
35348,65210,1341375834.0,RT
35348,6937,1341376227.0,RT
35348,117273,1341376765.0,RT
35348,205023,1341410609.0,RT
35348,27705,1341411701.0,RT
35348,99108,1341412115.0,RT
35348,101845,1341412195.0,RT
35348,27705,1341414251.0,RT
35348,207169,1341416795.0,RT
35348,116629,1341417648.0,RT
35348,205023,1341419606.0,RT
35348,27214,1341463828.0,RT
35348,148429,1341463867.0,RT
35348,65008,1341464444.0,RT
35348,27741,1341464846.0,RT
35348,360262,1341466626.0,RT
35348,139232,1341473105.0,RT
35348,37518,1341519848.0,RT
46273,46273,1341410531.0,SEED
46273,330228,1341410531.0,RT
46273,325696,1341410551.0,RT
46273,256857,1341410555.0,RT
46273,336388,1341410555.0,RT
46273,295546,1341410640.0,RT
46273,251985,1341410830.0,RT
46273,399219,1341410855.0,RT
46273,342632,1341410992.0,RT
46273,364888,1341411405.0,RT
46273,397460,1341411899.0,RT
46273,425590,1341412152.0,RT
46273,405449,1341413235.0,RT
46273,342018,1341416861.0,RT
46273,354336,1341419305.0,RT
46273,443288,1341423967.0,RT
46273,372101,1341426743.0,RT
46273,371397,1341428042.0,RT
46273,374547,1341492990.0,RT
46273,175206,1341573202.0,RT
49180,49180,1341405948.0,SEED
49180,237069,1341405948.0,RT
49180,125089,1341406121.0,RT
49180,144208,1341406867.0,RT
49180,126428,1341409630.0,RT
49180,149425,1341502573.0,RT
49180,314237,1341503843.0,RT
49180,211752,1341506545.0,RT
49180,99171,1341509707.0,RT
49180,410270,1341523615.0,RT
49180,167690,1341657225.0,RT
49180,304240,1341657319.0,RT
49180,167690,1341657372.0,RT
49180,95033,1341657741.0,RT
49180,95033,1341657779.0,RT
49180,95033,1341657790.0,RT
49180,274197,1341658037.0,RT
49180,274197,1341658039.0,RT
49180,274197,1341658043.0,RT
49180,274197,1341658047.0,RT
49180,274197,1341658052.0,RT
49180,274197,1341658055.0,RT
49180,274197,1341658203.0,RT
49180,133101,1341658217.0,RT
49180,119204,1341658273.0,RT
49180,274197,1341658332.0,RT
49180,274197,1341658398.0,RT
49180,287561,1341658485.0,RT
49180,194468,1341658487.0,RT
49180,194468,1341658541.0,RT
49180,287561,1341658649.0,RT
49180,65239,1341658953.0,RT
49180,65239,1341658983.0,RT
49180,65239,1341659062.0,RT
49180,390901,1341660674.0,RT
49180,126428,1341701981.0,RT
49180,126428,1341702003.0,RT
49180,126428,1341702024.0,RT
49180,126428,1341702035.0,RT
49180,126428,1341702042.0,RT
49180,126428,1341702048.0,RT
49180,126428,1341702301.0,RT
49180,126428,1341702316.0,RT
49180,126428,1341702336.0,RT
49180,126428,1341702344.0,RT
49464,49464,1341373459.0,SEED
49464,159732,1341373459.0,RT
49464,116579,1341383496.0,RT
49464,41864,1341383551.0,RT
49464,273008,1341383585.0,RT
49464,58529,1341383656.0,RT
49464,379604,1341383943.0,RT
49464,299125,1341384467.0,RT
49464,49441,1341385421.0,RT
49464,27959,1341385687.0,RT
49464,231555,1341386086.0,RT
49464,312237,1341386701.0,RT
49464,322323,1341386910.0,RT
49464,379288,1341386938.0,RT
49464,106210,1341387200.0,RT
49464,238664,1341387220.0,RT
49464,93475,1341389366.0,RT
49464,319237,1341397512.0,RT
49464,264538,1341398781.0,RT
49464,98145,1341422268.0,RT
49592,49592,1341380044.0,SEED
49592,50531,1341380044.0,RT
49592,363406,1341380139.0,RT
49592,361895,1341380161.0,RT
49592,95135,1341381671.0,RT
49592,193988,1341381827.0,RT
49592,198672,1341381879.0,RT
49592,246829,1341383961.0,RT
49592,102948,1341384060.0,RT
49592,155413,1341385940.0,RT
49592,265017,1341396335.0,RT
49592,347365,1341396337.0,RT
49592,207462,1341396739.0,RT
49592,320213,1341396874.0,RT
49592,350463,1341397904.0,RT
49592,58392,1341398304.0,RT
49592,353627,1341399807.0,RT
49592,378286,1341418409.0,RT
49592,108436,1341418492.0,RT
49592,49536,1341420412.0,RT
50209,40185,1341386911.0,RT
50209,50209,1341386911.0,SEED
50209,9615,1341386948.0,RT
50209,77094,1341387383.0,RT
50209,286372,1341389231.0,RT
50209,99018,1341392923.0,RT
50209,75319,1341416601.0,RT
50209,3425,1341417890.0,RT
50209,149323,1341417974.0,RT
50209,94487,1341418569.0,RT
50209,175411,1341420612.0,RT
50209,98935,1341421773.0,RT
50209,449944,1341423964.0,RT
50209,171734,1341489111.0,RT
50209,157094,1341489424.0,RT
50209,392859,1341490664.0,RT
50209,353545,1341490885.0,RT
50209,203379,1341491007.0,RT
50209,285443,1341492886.0,RT
50209,297167,1341517759.0,RT
50242,50242,1341194719.0,SEED
50242,50250,1341194719.0,RT
50242,50231,1341194729.0,RT
50242,38819,1341194856.0,RT
50242,46996,1341195021.0,RT
50242,130939,1341195279.0,RT
50242,33833,1341375545.0,RT
50242,101238,1341375712.0,RT
50242,9036,1341376158.0,RT
50242,33833,1341376537.0,RT
50242,9036,1341376553.0,RT
50242,80864,1341377613.0,RT
50242,50250,1341377915.0,RT
50242,9021,1341385565.0,RT
50242,50279,1341385603.0,RT
50242,8975,1341385674.0,RT
50242,107092,1341385742.0,RT
50242,201625,1341390389.0,RT
50242,50233,1341396141.0,RT
50242,281514,1341400114.0,RT
50242,64652,1341400803.0,RT
50242,166046,1341401005.0,RT
50242,281514,1341458771.0,RT
50242,277074,1341499155.0,RT
50325,50325,1341351851.0,SEED
50325,50330,1341351851.0,RT
50325,261438,1341351994.0,RT
50325,27705,1341372308.0,RT
50325,93421,1341372394.0,RT
50325,63800,1341373625.0,RT
50325,31762,1341385320.0,RT
50325,60146,1341385353.0,RT
50325,35294,1341385411.0,RT
50325,147421,1341385569.0,RT
50325,148252,1341385756.0,RT
50325,59406,1341386242.0,RT
50325,337019,1341387590.0,RT
50325,62248,1341390516.0,RT
50325,120079,1341391050.0,RT
50325,148252,1341391087.0,RT
50325,97051,1341394822.0,RT
50325,30228,1341400453.0,RT
50325,58740,1341400650.0,RT
50325,132354,1341402990.0,RT
50325,99021,1341403229.0,RT
79911,79911,1341386264.0,SEED
79911,181266,1341386264.0,RT
79911,153973,1341386270.0,RT
79911,229495,1341386459.0,RT
79911,166335,1341386667.0,RT
79911,379701,1341387154.0,RT
79911,163479,1341387932.0,RT
79911,423118,1341388732.0,RT
79911,153972,1341389950.0,RT
79911,326754,1341395559.0,RT
79911,330501,1341397009.0,RT
79911,366897,1341398939.0,RT
79911,265119,1341405608.0,RT
79911,450618,1341416154.0,RT
79911,271939,1341444317.0,RT
79911,230941,1341447869.0,RT
79911,438215,1341450861.0,RT
79911,351401,1341451779.0,RT
79911,274508,1341510012.0,RT
79911,178810,1341510321.0,RT
80254,80254,1341470422.0,SEED
80254,394969,1341470422.0,RT
80254,365095,1341470433.0,RT
80254,310782,1341470490.0,RT
80254,442085,1341470676.0,RT
80254,99075,1341470965.0,RT
80254,411612,1341472346.0,RT
80254,305086,1341472380.0,RT
80254,337847,1341473223.0,RT
80254,410175,1341473565.0,RT
80254,171544,1341473773.0,RT
80254,339657,1341473871.0,RT
80254,412309,1341474113.0,RT
80254,361902,1341474139.0,RT
80254,400665,1341474190.0,RT
80254,446265,1341474646.0,RT
80254,59389,1341474669.0,RT
80254,431107,1341475923.0,RT
80254,410492,1341481234.0,RT
80254,367668,1341511026.0,RT
80879,56956,1341377983.0,RT
80879,80879,1341377983.0,SEED
80879,182013,1341381568.0,RT
80879,144742,1341401717.0,RT
80879,69451,1341407596.0,RT
80879,53931,1341407985.0,RT
80879,75598,1341408021.0,RT
80879,5136,1341408316.0,RT
80879,266031,1341408426.0,RT
80879,384374,1341408449.0,RT
80879,367162,1341408472.0,RT
80879,332508,1341408554.0,RT
80879,431774,1341408591.0,RT
80879,182012,1341408897.0,RT
80879,416667,1341409090.0,RT
80879,401116,1341409389.0,RT
80879,401116,1341409814.0,RT
80879,242627,1341411081.0,RT
80879,87009,1341418486.0,RT
80879,182014,1341421466.0,RT
80879,182008,1341441582.0,RT
82063,82063,1341525773.0,SEED
82063,129083,1341525773.0,RT
82063,28978,1341525827.0,RT
82063,90807,1341526015.0,RT
82063,184294,1341526173.0,RT
82063,108160,1341526217.0,RT
82063,41172,1341526707.0,RT
82063,207127,1341526866.0,RT
82063,134771,1341527027.0,RT
82063,182076,1341527059.0,RT
82063,45661,1341528470.0,RT
82063,162999,1341529251.0,RT
82063,141292,1341529352.0,RT
82063,203382,1341530053.0,RT
82063,272375,1341533962.0,RT
82063,28227,1341549446.0,RT
82063,223367,1341552967.0,RT
82063,39808,1341564566.0,RT
82063,205083,1341602119.0,RT
82063,201581,1341691655.0,RT
86973,45010,1341424522.0,RT
86973,86973,1341424522.0,SEED
86973,74295,1341424551.0,RT
86973,116779,1341424609.0,RT
86973,30635,1341424653.0,RT
86973,42510,1341424669.0,RT
86973,30226,1341424930.0,RT
86973,86977,1341424930.0,RT
86973,327714,1341425066.0,RT
86973,386123,1341425163.0,RT
86973,59275,1341425186.0,RT
86973,8743,1341425517.0,RT
86973,92116,1341425532.0,RT
86973,196817,1341425646.0,RT
86973,18408,1341425674.0,RT
86973,371410,1341425842.0,RT
86973,129199,1341427372.0,RT
86973,240710,1341427545.0,RT
86973,289238,1341432228.0,RT
86973,26616,1341450017.0,RT
89807,51175,1341300394.0,RT
89807,89807,1341300394.0,SEED
89807,62439,1341304947.0,RT
89807,47084,1341308265.0,RT
89807,160077,1341393298.0,RT
89807,120395,1341402124.0,RT
89807,62439,1341402158.0,RT
89807,86282,1341478735.0,RT
89807,95682,1341478894.0,RT
89807,123674,1341479133.0,RT
89807,10335,1341479345.0,RT
89807,139010,1341479501.0,RT
89807,35816,1341479519.0,RT
89807,138110,1341479595.0,RT
89807,135552,1341479659.0,RT
89807,36458,1341480812.0,RT
89807,61074,1341481252.0,RT
89807,74563,1341563876.0,RT
89807,44918,1341676721.0,RT
89807,62480,1341676982.0,RT
89807,174534,1341679620.0,RT
96783,27349,1341207403.0,RT
96783,96783,1341207403.0,SEED
96783,153098,1341207504.0,RT
96783,275165,1341207515.0,RT
96783,390312,1341207557.0,RT
96783,96781,1341207758.0,RT
96783,412863,1341207777.0,RT
96783,104827,1341208492.0,RT
96783,273341,1341209631.0,RT
96783,193819,1341209808.0,RT
96783,157853,1341209835.0,RT
96783,450917,1341209905.0,RT
96783,147754,1341211224.0,RT
96783,65312,1341213665.0,RT
96783,68665,1341221207.0,RT
96783,169525,1341221571.0,RT
96783,355990,1341230815.0,RT
96783,438806,1341232750.0,RT
96783,311401,1341236627.0,RT
96783,413607,1341267372.0,RT
106574,88355,1341384223.0,RT
106574,106574,1341384223.0,SEED
106574,12928,1341384387.0,RT
106574,3637,1341384483.0,RT
106574,44307,1341384492.0,RT
106574,176481,1341384556.0,RT
106574,201107,1341384670.0,RT
106574,21403,1341384714.0,RT
106574,28991,1341384869.0,RT
106574,88714,1341384926.0,RT
106574,195855,1341384967.0,RT
106574,99293,1341386238.0,RT
106574,39674,1341386612.0,RT
106574,202694,1341389526.0,RT
106574,175691,1341391020.0,RT
106574,332765,1341398523.0,RT
106574,129894,1341401530.0,RT
106574,60261,1341401955.0,RT
106574,114667,1341402004.0,RT
106574,26334,1341446659.0,RT
123162,13137,1341425822.0,RT
123162,123162,1341425822.0,SEED
123162,132833,1341425877.0,RT
123162,242193,1341425881.0,RT
123162,191629,1341425973.0,RT
123162,69642,1341426091.0,RT
123162,234530,1341426235.0,RT
123162,148688,1341426391.0,RT
123162,143524,1341427076.0,RT
123162,451690,1341427265.0,RT
123162,212335,1341427324.0,RT
123162,215903,1341427415.0,RT
123162,248065,1341427472.0,RT
123162,220818,1341427786.0,RT
123162,74563,1341427799.0,RT
123162,36458,1341431705.0,RT
123162,184994,1341432110.0,RT
123162,227076,1341436415.0,RT
123162,181081,1341450951.0,RT
123162,282893,1341499064.0,RT
157006,3449,1341592145.0,RT
157006,157006,1341592145.0,SEED
157006,152589,1341592223.0,RT
157006,34856,1341592226.0,RT
157006,37139,1341592465.0,RT
157006,122051,1341592486.0,RT
157006,173428,1341592536.0,RT
157006,83042,1341592643.0,RT
157006,109787,1341592677.0,RT
157006,200291,1341593004.0,RT
157006,244418,1341593888.0,RT
157006,78945,1341595267.0,RT
157006,78948,1341596755.0,RT
157006,198335,1341597059.0,RT
157006,205940,1341604483.0,RT
157006,29911,1341605521.0,RT
157006,156974,1341606669.0,RT
157006,279732,1341606827.0,RT
157006,322285,1341607398.0,RT
157006,303931,1341611816.0,RT
178192,104892,1341636785.0,RT
178192,178192,1341636785.0,SEED
178192,332885,1341636879.0,RT
178192,16228,1341637018.0,RT
178192,282027,1341637087.0,RT
178192,249841,1341637136.0,RT
178192,435324,1341637204.0,RT
178192,235938,1341637252.0,RT
178192,163079,1341637305.0,RT
178192,285600,1341637383.0,RT
178192,297694,1341637743.0,RT
178192,161315,1341638069.0,RT
178192,87124,1341638083.0,RT
178192,168727,1341638339.0,RT
178192,24300,1341638736.0,RT
178192,404208,1341638909.0,RT
178192,46345,1341639356.0,RT
178192,270720,1341640184.0,RT
178192,307226,1341640293.0,RT
178192,241400,1341642625.0,RT
