source,target,beta
34148,10091,0.5748144382452045
116940,10168,8.065270213633323
103787,101977,4.697807576437121
222421,102223,58.81141301988646
194408,102661,209.83043790135258
55030,102840,4169.0646119933945
50353,103787,4.579505832387556
320214,104487,1197.8353209547176
241739,104943,360.3309100078012
212726,105834,3.4288514414640487
10168,106741,8.663449623822756e-05
101977,106741,0.0007309210610736312
103787,106741,0.0006746923976315186
1147,106741,0.00048492074113148513
123982,106741,0.0021881800936847285
133854,106741,0.006381923658078844
134352,106741,0.0074338679471957474
138041,106741,0.0016610365400476265
13815,106741,0.0008808641089774164
142002,106741,0.0034510053377693377
148421,106741,0.004931693084012133
151054,106741,0.00020612035411259508
159332,106741,0.0015532649758577064
160176,106741,0.0016048079053762223
168283,106741,0.00026000614764636396
171071,106741,0.0063678664891863085
177943,106741,0.001478293455508757
179882,106741,0.0005716065538285877
195096,106741,0.00018972034644628333
195541,106741,0.00227486590640479
197024,106741,0.001457207687967539
199234,106741,0.0012932074979670513
20327,106741,0.0003279491141107974
215024,106741,0.000981607091726838
21565,106741,0.0022350372971339585
21608,106741,0.000566920814292456
219007,106741,0.0012205788378260747
224237,106741,0.0025466376993696343
285491,106741,0.0027715758228433456
30671,106741,0.0060984375443004874
35209,106741,0.00543540806298322
36914,106741,0.0022186372743306154
377620,106741,0.010659986704518438
38204,106741,0.0029051188683696305
40056,106741,0.004355349430309031
408507,106741,0.004322549392661141
423981,106741,0.004474835307600618
43896,106741,0.0013658361775150088
43899,106741,0.004125749116779421
454065,106741,0.003657177035392229
46260,106741,0.002877004542842481
50353,106741,0.0006512637896416737
51638,106741,0.00700512451958157
65774,106741,0.0008691497845223545
66002,106741,0.009830614110248614
68539,106741,0.0018812653997385363
70524,106741,0.0008129211577316647
70889,106741,0.008952041493287361
71072,106741,0.0004240063674129051
73861,106741,0.0053721508399274835
79657,106741,0.0004404063994051948
80163,106741,0.0023990375023784268
92499,106741,0.0004989778939317852
93480,106741,0.00021783464844975963
98829,106741,0.0013798933380556654
102840,10691,0.011283928257689656
104487,10691,0.013532120119024611
104943,10691,0.017175424992264186
108343,10691,0.014042741755301081
112336,10691,0.01239798745051095
129368,10691,0.018511546253342698
133564,10691,0.050162853039145396
133932,10691,0.06966797303309553
133978,10691,0.02198547622902206
136138,10691,0.07433217739688507
138824,10691,0.06387190071481674
141483,10691,0.017674749627849613
149298,10691,0.0658733580376405
152873,10691,0.042504601687862305
156869,10691,0.02875769147074022
158066,10691,0.06256436174445301
162024,10691,0.018435019139736098
163524,10691,0.001444264957785048
163806,10691,0.07732620880484646
166498,10691,0.0023299879133294264
172586,10691,0.009509948842202555
17487,10691,0.012991406955426159
176755,10691,0.07169954549503701
176829,10691,0.039673706180571644
17748,10691,0.010171116011380153
177678,10691,0.002653682341316778
179128,10691,0.0059770469748338054
179645,10691,0.005297072909810634
188460,10691,0.04446088996869451
190663,10691,0.03149722080900987
192000,10691,0.030699141256072097
19331,10691,0.013263649571239761
200278,10691,0.052238348561813794
200738,10691,0.049772601528654245
218853,10691,0.07469858975817666
22217,10691,0.005860399354169449
228395,10691,0.02676792346936201
233350,10691,0.05802688758877944
235619,10691,0.03327782471401729
238353,10691,0.056223690484766414
241739,10691,0.017022362202415424
242347,10691,0.015155538927310806
243041,10691,0.07530341916358532
247379,10691,0.07206846552570767
248083,10691,0.003165552626464677
248112,10691,0.003929585618525433
25100,10691,0.012454434441789545
254614,10691,0.017420064113172474
258638,10691,0.02515705203138628
258838,10691,0.06551823656223568
266688,10691,0.0063973345431599955
281361,10691,0.0405332665899228
283941,10691,0.014611059419044675
29698,10691,0.007421088705194327
304490,10691,0.014839411447430674
306526,10691,0.05272019955562986
307602,10691,0.06720599154453914
309151,10691,0.016620907281188122
313274,10691,0.03768856380036829
320214,10691,0.013412951035515949
322023,10691,0.018391100876949163
326558,10691,0.005693522079920951
331579,10691,0.03443477618444121
331905,10691,0.013853296813720016
333308,10691,0.05962303831405559
346708,10691,0.07530467591240879
349882,10691,0.06600762008095616
35997,10691,0.014941009748992205
360286,10691,0.07706897057977875
367247,10691,0.07031797361989697
367891,10691,0.003012488723991593
371804,10691,0.015228312062439561
3724,10691,0.002912114381914729
382098,10691,0.009491132481662546
383878,10691,0.012638862851541784
414627,10691,0.06006975376098993
415700,10691,0.02061421878132448
422593,10691,0.024214860169161884
431485,10691,0.00958522673044779
43592,10691,0.005701055265293764
44080,10691,0.012685276650166917
443087,10691,0.0031166168917661813
447949,10691,0.075116448476163
45893,10691,0.056640300769507816
49806,10691,0.012455696622843763
50175,10691,0.007462483691245827
53966,10691,0.06720975248626464
54289,10691,0.008129915792071188
55030,10691,0.01125631997833267
55991,10691,0.0202441167152433
64474,10691,0.01492470231211039
68542,10691,0.007056000905912357
72278,10691,0.005583119011829508
75309,10691,0.011133361055800373
76460,10691,0.007352079110484689
85461,10691,0.010472214826838614
88029,10691,0.06701650382859121
89961,10691,0.027637349692318142
94792,10691,0.015081544098682736
95800,10691,0.011055586913687972
98269,10691,0.02577429848628948
107934,107932,0.6498147982904066
194409,107934,170.20947749983537
331905,108343,333.73832868584105
102840,112336,592.9297364463505
79657,1147,5.023495960647628
95829,1160,1.771085470845308
122663,116940,1.0595722407602626
359120,116940,7277723.175690381
55976,116940,0.5374045478542574
77138,116940,1.581738266805598
408157,118814,1.3389075040579448
169031,11992,0.6050100335144349
55976,122663,2.291344528187729
10168,123982,0.0019644474062453492
101977,123982,0.0026050812859481215
103787,123982,0.0025491500169303703
105834,123982,0.0016429774484775469
1147,123982,0.0023604611279599294
1160,123982,0.0009371412263801183
116940,123982,0.0018107009028291985
118814,123982,0.00026624739409188976
122663,123982,0.0017151917164862157
126878,123982,0.00010551241831378972
138041,123982,0.003529889877154307
13815,123982,0.002754168813402719
151054,123982,0.002083251527605172
153003,123982,2.8639162377095552e-05
158065,123982,0.00026624739409188976
159332,123982,0.0034227332117178614
160176,123982,0.0034739820549248065
168283,123982,0.00213682984891019
177943,123982,0.0033481894447018614
179882,123982,0.0024466523510791546
186030,123982,1.4662203964069614e-05
18906,123982,0.0016546249043073468
18973,123982,0.0010489568639679473
194952,123982,0.0007694177724211282
195096,123982,0.0020669450762423524
195555,123982,0.001663942876649314
197024,123982,0.003327224010675631
199234,123982,0.0031641595253812066
20327,123982,0.0022043851304625888
212726,123982,0.0016033760711435252
212866,123982,3.0968643269154515e-05
215024,123982,0.0028543370028350904
21608,123982,0.0024419933652451192
219007,123982,0.0030919452512148033
239203,123982,0.0003734040473677665
24410,123982,3.0968643269154515e-05
272656,123982,0.0011537840209360345
31961,123982,0.00042698236996928726
337558,123982,3.0968643269154515e-05
359120,123982,0.0018083714147638195
3919,123982,0.0007903831965791868
408157,123982,0.0001917036411796932
43896,123982,0.0032363738001857144
4804,123982,0.00032448470499734787
50353,123982,0.002525855087492516
55976,123982,0.0016988852648109952
65774,123982,0.0027425213512158875
68539,123982,0.0037488621860698717
70524,123982,0.002686613529281383
71072,123982,0.0022998943220034268
77138,123982,0.0017314981600147041
79657,123982,0.0023162007667131804
85090,123982,0.0004968671439325058
92499,123982,0.002374438086039758
93480,123982,0.00209489898656139
95829,123982,0.0009324822429910527
98625,123982,0.0011724199631592577
98829,123982,0.0032503507521556172
377952,125370,20687.350413608638
101977,126231,0.0005811000548483258
103787,126231,0.0005248302384140839
106741,126231,0.011237245169579817
1147,126231,0.00033491955981629015
123982,126231,0.0020394262289845275
133854,126231,0.006236264354568865
134352,126231,0.00728897902191278
138041,126231,0.0015118966921956233
13815,126231,0.0007311528932220817
142002,126231,0.0033031996804885277
148421,126231,0.00478497177506614
151054,126231,5.591504010931926e-05
159332,126231,0.0014040461805368625
160176,126231,0.0014556268407313823
168283,126231,0.00010984028833171017
171071,126231,0.006222196896375492
177943,126231,0.0013290197623797343
179882,126231,0.00042166889488991216
195096,126231,3.9503015951311857e-05
195541,126231,0.0021261755748606583
197024,126231,0.001307918574979889
199234,126231,0.0011437982538802139
20327,126231,0.00017783299891774133
215024,126231,0.0008319696677074549
21565,126231,0.0020863177565577156
21608,126231,0.0004169797345888338
219007,126231,0.001071116414678231
224237,126231,0.0023981463506958047
285491,126231,0.002623272651315413
30671,126231,0.005952570659027992
35209,126231,0.005289055634343797
36914,126231,0.0020699057331880657
377620,126231,0.010517460282579171
38204,126231,0.002756913478231934
40056,126231,0.004208206055876857
408507,126231,0.004175382000669362
423981,126231,0.004327779442886462
43896,126231,0.0012164801073550702
43899,126231,0.003978437617042581
454065,126231,0.0035095223989418402
46260,126231,0.002728778563390979
50353,126231,0.0005013844481314656
51638,126231,0.006859921609413236
65774,126231,0.0007194300295056729
66002,126231,0.009687480366567403
68539,126231,0.0017322868230084402
70524,126231,0.0006631601815596795
70889,126231,0.008808264328342934
71072,126231,0.0002739605994033856
73861,126231,0.005225752079572496
79657,126231,0.00029037264264910847
80163,126231,0.0022504380859881875
92499,126231,0.00034898702964600894
93480,126231,6.763792630748687e-05
98829,126231,0.0012305475646702828
212866,126878,0.27042537507271663
24410,126878,0.27042537507271663
337558,126878,0.27042537507271663
101745,127479,0.0008718287543702132
103424,127479,0.0004154336124842709
103502,127479,0.011300307661737405
109652,127479,0.017443743794475566
110188,127479,0.002965876804679383
123166,127479,0.02384669857955031
137639,127479,0.012404008203140473
141247,127479,0.0029047261120372166
177749,127479,0.0006764438388949251
180279,127479,0.0006943417616215443
182906,127479,0.01355991104035218
1898,127479,0.001191007043297052
22512,127479,0.00029462333498685503
225418,127479,0.003264174471810272
22555,127479,0.00045272090573349064
229839,127479,0.017225986657662
232205,127479,0.001560895873306801
232981,127479,0.03488519566912621
241617,127479,0.005744517676529304
258932,127479,0.001191007043297052
261250,127479,0.0031866169679677153
26398,127479,2.2917599064456836e-06
265484,127479,0.017378118312241626
272102,127479,0.01732740785731653
27766,127479,0.012129574671230159
291626,127479,0.0027272389709579355
297949,127479,0.0018770911896868686
300092,127479,0.0023752480278579693
302797,127479,0.024543223111138258
303031,127479,7.835764541895044e-05
315402,127479,0.023552875615371185
326407,127479,0.08553398993936812
343744,127479,0.0014937789741163415
35376,127479,0.0016056405972960043
3972,127479,0.01749743741196505
417298,127479,0.002467720153860712
417395,127479,0.018176064065596218
42170,127479,0.001587742695869006
42179,127479,5.896802858841273e-05
448367,127479,0.00988041183484387
50242,127479,0.010032543612176465
50279,127479,0.03492994051012967
51071,127479,0.06340628485539163
52761,127479,0.009110804373196084
59733,127479,0.021370829667351925
69883,127479,0.017388558654701774
79185,127479,0.06383881634079278
84736,127479,0.0209964664926024
8855,127479,0.0018025168192728949
9021,127479,0.0017816360576788735
93476,127479,0.0006988162958607249
9385,127479,0.0006898673149766219
162024,129368,22169.57325720673
191510,130153,1.0001612113569274
200738,133564,3398.599438384618
171071,133854,240.87148141777803
53966,133932,687.5429099684582
415700,133978,522.0505213195788
10168,134352,0.0005534944997719287
101977,134352,0.0011959037331162774
103787,134352,0.0011398389303578344
105834,134352,0.00023112185751074496
1147,134352,0.0009506202225840552
116940,134352,0.00039931628146403175
122663,134352,0.00030353891115135126
123982,134352,0.0026489401484522997
133854,134352,0.00683044072013511
138041,134352,0.0021233090836822845
13815,134352,0.0013454098940872974
142002,134352,0.003908062383132563
148421,134352,0.005384435774977578
151054,134352,0.000672632200114514
159332,134352,0.0020158515334273313
160176,134352,0.0020672442643919118
168283,134352,0.0007263610080532307
171071,134352,0.006816424529904082
177943,134352,0.0019410984403974135
179882,134352,0.0010370534544631206
18906,134352,0.00024280203694476186
195096,134352,0.0006562799804341203
195541,134352,0.0027353734000056715
195555,134352,0.00025214617042165673
197024,134352,0.0019200741429863878
199234,134352,0.0017565517942870078
20327,134352,0.0007941059609418955
212726,134352,0.00019140928698586966
215024,134352,0.0014458593323976366
21565,134352,0.0026956608255128476
21608,134352,0.001032381382531849
219007,134352,0.0016841347396309052
224237,134352,0.003006353324070529
285491,134352,0.003230612582906553
30671,134352,0.006547780627999696
35209,134352,0.0058866830679750745
359120,134352,0.00039698024327948234
36914,134352,0.002679308592093753
38204,134352,0.003363766512882571
40056,134352,0.004809771457872063
408507,134352,0.004777066982755844
423981,134352,0.004928909179083592
43896,134352,0.0018289688254931504
43899,134352,0.004580840133992214
454065,134352,0.004113633375022405
46260,134352,0.003335734088828111
50353,134352,0.0011164785967419852
51638,134352,0.007451825737577606
55976,134352,0.0002871866743833077
65774,134352,0.0013337297226756163
68539,134352,0.0023428962111784637
70524,134352,0.001277664915770437
71072,134352,0.0008898833425454234
73861,134352,0.005823610143309677
77138,134352,0.00031989113568178665
79657,134352,0.0009062355717648744
80163,134352,0.0028591831977561066
92499,134352,0.0009646364161451216
93480,134352,0.0006843123809536586
98829,134352,0.0018429850366360424
247379,136138,1187.8423169381342
160176,138041,8.22812181230907
65774,13815,0.3619168124426113
158066,138824,887.0418000035845
254614,141483,283.0362763640055
125370,141809,2925.568486278165
38204,142002,10.87910648903221
97309,142606,2002364202.65726
45431,14333,0.3849502185744451
101977,143704,0.00040049754175178496
103787,143704,0.000344171194137877
106741,143704,0.011067316112097039
1147,143704,0.00015406991083097448
123982,143704,0.0018602877342732257
126231,143704,0.01196384318665702
133854,143704,0.0060613151862331125
134352,143704,0.007115086585171556
138041,143704,0.0013322285570061202
13815,143704,0.0005507010064587592
142002,143704,0.003125306223178756
148421,143704,0.004608565741193566
159332,143704,0.0012242697973483528
160176,143704,0.0012759022658748512
171071,143704,0.006047233601249455
177943,143704,0.0011491680389624245
179882,143704,0.00024090630650259329
195541,143704,0.0019471241373652333
197024,143704,0.0011280456908950647
199234,143704,0.0009637606364337579
215024,143704,0.0006516189698272595
21565,143704,0.0019072263043368135
21608,143704,0.00023621247374888246
219007,143704,0.0008910057967741177
224237,143704,0.0022193679397225757
285491,143704,0.002444673185842883
30671,143704,0.005777336686742271
35209,143704,0.0051131556008395685
36914,143704,0.0018907978368701273
377620,143704,0.01034680869243314
38204,143704,0.0025784715853847985
40056,143704,0.004031221051769918
408507,143704,0.003998364026640942
423981,143704,0.004150914444952457
43896,143704,0.001036515448924074
43899,143704,0.0038012219224274413
454065,143704,0.003331836008268788
46260,143704,0.0025502850479737172
50353,143704,0.0003207019073521585
51638,143704,0.006685598457937862
65774,143704,0.0005389663759664882
66002,143704,0.009515995596332887
68539,143704,0.0015528399442482587
70524,143704,0.0004826400651775375
70889,143704,0.008635896975482114
71072,143704,9.304976062930886e-05
73861,143704,0.005049788504026162
79657,143704,0.0001094782553255489
80163,143704,0.0020715113804665305
92499,143704,0.00016815146992136724
98829,143704,0.0010505970265417164
284994,146005,95.10796947174533
10168,148421,0.001077250249737655
101977,148421,0.001718620589387749
103787,148421,0.0016626464645012988
105834,148421,0.0007553989525836326
1147,148421,0.0014737337394264208
1160,148421,4.872545107795425e-05
116940,148421,0.0009233213703102533
122663,148421,0.0008276988903693737
123982,148421,0.0031693068338659266
138041,148421,0.0026445493246904754
13815,148421,0.0018678849630108466
142002,148421,0.0044263925913397666
151054,148421,0.0011961952971394584
159332,148421,0.002537265567731589
160176,148421,0.0025885751851810017
168283,148421,0.0012498371777951627
177943,148421,0.00246261020294768
179882,148421,0.0015600271950368342
18906,148421,0.00076706023575491
18973,148421,0.0001606737420771682
195096,148421,0.0011798695066325925
195541,148421,0.003255600285151281
195555,148421,0.0007763892620672912
197024,148421,0.002441619891143881
199234,148421,0.002278361988275551
20327,148421,0.001317472599650474
212726,148421,0.0007157506062583646
215024,148421,0.0019681719646535488
21565,148421,0.003215951939585652
21608,148421,0.0015553626917938137
219007,148421,0.002206062056296122
224237,148421,0.0035261419378402655
272656,148421,0.00026562523187901145
285491,148421,0.0037500384746916864
359120,148421,0.0009209891164394117
36914,148421,0.003199626149710703
38204,148421,0.0038829770390813936
40056,148421,0.0053266432416080355
408507,148421,0.00529399166746726
423981,148421,0.005445588286212114
43896,148421,0.0023506619092770417
43899,148421,0.00509808220983924
454065,148421,0.004631631081486815
46260,148421,0.0038549899698121113
50353,148421,0.0016393239038035052
55976,148421,0.0008113730975193652
65774,148421,0.0018562236952275955
68539,148421,0.002863781348285879
70524,148421,0.0018002495487885724
71072,148421,0.0014130950893708246
77138,148421,0.0008440246793833498
79657,148421,0.0014294208884579563
80163,148421,0.003379209837835673
92499,148421,0.0014877272780806198
93480,148421,0.0012078565767541757
95829,148421,4.406093808224681e-05
98625,148421,0.00028428329365194247
98829,148421,0.0023646554602434477
102840,149298,0.037573696012480416
104487,149298,0.0427196187020256
104943,149298,0.051058774427550635
107932,149298,0.01097684323228936
107934,149298,0.010959610859952899
108343,149298,0.04388836456526727
112336,149298,0.04012368428712615
129368,149298,0.05411704110332098
133564,149298,0.12658499225199407
133978,149298,0.06206852706726846
138824,149298,0.15795733228653
141483,149298,0.05220167535708555
152873,149298,0.10905955587182703
156869,149298,0.0775694791646367
158066,149298,0.1549651139271871
162024,149298,0.05394187150543977
163524,149298,0.015052365275308234
166498,149298,0.0070743410662783045
172586,149298,0.03351323650449269
174005,149298,0.005279566891640601
17487,149298,0.041481955542394325
176829,149298,0.1025812024337468
17748,149298,0.03502657832499898
177678,149298,0.017819890226834924
179128,149298,0.025426784276300525
179645,149298,0.023870372785160292
188460,149298,0.11353639607219433
190663,149298,0.08386979218908917
192000,149298,0.08204344888802739
19331,149298,0.042105097187902035
194409,149298,0.010172790943310828
200278,149298,0.13133463403207118
200738,149298,0.1256919218531863
22217,149298,0.025159724490550952
228395,149298,0.07301510761534791
233350,149298,0.14458137077604305
235619,149298,0.08794460633905793
238353,149298,0.14045486733001605
238798,149298,0.005451863567976322
239180,149298,0.004972304654474358
241739,149298,0.05070843884327811
242347,149298,0.04643548334753732
248083,149298,0.018991505889843423
248112,149298,0.02074031699464701
25100,149298,0.040252905290667204
254614,149298,0.05161873960205721
258638,149298,0.06932795951409454
258838,149298,0.16172488312680225
266688,149298,0.026388775840583065
276492,149298,0.0040562644897106205
281361,149298,0.1045482560617511
283941,149298,0.045189203795782396
29698,149298,0.028732006258838504
304490,149298,0.04571183769608661
306526,149298,0.1324373328413231
309151,149298,0.04978952310174322
313274,149298,0.09803831597849745
320214,149298,0.04244681861927426
322023,149298,0.05384136564562885
326558,149298,0.02477780407141403
331579,149298,0.09059223251339019
331905,149298,0.043454752910007305
333308,149298,0.14823405923922833
35997,149298,0.04594443820487578
367891,149298,0.018641173319227804
371804,149298,0.046602036159179454
3724,149298,0.018411439759894538
382098,149298,0.033470167175882116
383878,149298,0.04067503345323655
395647,149298,0.007358615690401672
402450,149298,0.0064511868556485835
414627,149298,0.14925635391661568
415700,149298,0.05892985984557441
422593,149298,0.06717137849847724
431485,149298,0.03368553534986609
43592,149298,0.024795030488688054
44080,149298,0.04078128135138889
443087,149298,0.01887951553954121
45893,149298,0.14140824192514587
49806,149298,0.04025577892941446
50175,149298,0.02882677152036417
54289,149298,0.030354468782874247
55030,149298,0.03751051821592655
55991,149298,0.05808273308615794
64474,149298,0.0459071059857492
68542,149298,0.027896368620032565
72278,149298,0.024525098741247517
75309,149298,0.037229099509375856
76460,149298,0.028574069233160953
77052,149298,0.0017130273081667697
85461,149298,0.035715763200756825
89961,149298,0.07500513210641739
94792,149298,0.04626605840138908
95800,149298,0.037051060729734284
98269,149298,0.07074079023513198
195096,151054,3.0204917730301655
281361,152873,1563.397529980283
186030,153003,0.8797307788843507
89961,156869,425.27833481120086
408157,158065,1.3389075040579448
414627,158066,1279.6098577647115
10168,158955,0.000938828246634402
101977,158955,0.0013489162647381317
103787,158955,0.0013131267443939427
105834,158955,0.0007330386810713639
1147,158955,0.0011923371859524756
1160,158955,0.00028119625053258214
116940,158955,0.0008404071410431362
122663,158955,0.0007792667433118385
138041,158955,0.0019409341597155414
13815,158955,0.001444354879273375
151054,158955,0.001014880951031097
159332,158955,0.0018723376199265914
160176,158955,0.0019051446807688418
168283,158955,0.001049179248506827
177943,158955,0.0018246183151707296
179882,158955,0.001247512658698898
18906,158955,0.0007404948265699714
18973,158955,0.000352775253534765
194952,158955,0.00017382782188961674
195096,158955,0.0010044423493247895
195555,158955,0.0007464597081056666
197024,158955,0.0018111972458294317
199234,158955,0.0017068112053840935
20327,158955,0.0010924248319430692
212726,158955,0.0007076877789055978
215024,158955,0.0015084777318341658
21608,158955,0.001244530188330874
219007,158955,0.0016605831268922827
272656,158955,0.0004198806151605134
359120,158955,0.0008389159098219508
3919,158955,0.00018724885376211197
43896,158955,0.0017530393385448266
50353,158955,0.0012982144835426922
55976,158955,0.0007688281441843688
65774,158955,0.0014368987875547504
68539,158955,0.002081109704303937
70524,158955,0.0014011092629006882
71072,158955,0.0011535652472120608
77138,158955,0.000789705368308456
79657,158955,0.00116400386660042
8855,158955,0.6251387345893252
92499,158955,0.0012012845461102464
93480,158955,0.0010223371141165343
95829,158955,0.0002782138376863447
98625,158955,0.0004318104152458433
98829,158955,0.0017619866800549836
177943,159332,5.617953785658853
159332,160176,7.982761277805076
322023,162024,75.9593647263674
102223,163524,0.013461422673081409
102661,163524,0.008394191667027814
106741,163524,0.004213469132966994
107932,163524,0.04527551298691707
107934,163524,0.04526009542488662
126231,163524,0.005195052412838939
143704,163524,0.0073175335911079735
146005,163524,0.023161623821780553
174005,163524,0.04017744694812934
181800,163524,0.016889255269283338
194408,163524,0.007816033970178032
194409,163524,0.04455602790537938
201307,163524,0.011028021137586505
222421,163524,0.013260994643250737
23148,163524,0.031782597387200046
238798,163524,0.04033162240886989
239180,163524,0.03990250085031696
248489,163524,0.0176061707946882
276492,163524,0.03908280171387955
284994,163524,0.022755628646318603
294416,163524,0.008987766904429149
302219,163524,0.012939795869962908
310224,163524,0.018428439561246873
331689,163524,0.01708197455963627
377620,163524,0.0034246051243479996
38599,163524,0.011963351790820158
38908,163524,0.03205497383736191
395647,163524,0.04203782996948996
397799,163524,0.02205156107412337
402450,163524,0.04122583960948103
43597,163524,0.011639583530619913
44644,163524,0.03156418217580752
66002,163524,0.0025149703554350387
70889,163524,0.0015513742374687095
77052,163524,0.036986016526259505
360286,163806,7686.372627267087
11036,166216,0.020279742449299577
12692,166216,0.00366991276932834
141483,166216,12.476267920571985
226575,166216,0.020966681722125735
242165,166216,0.006484627891101136
337321,166216,0.03139795652114607
42984,166216,0.02364500099507917
51247,166216,0.020341740573526022
53930,166216,0.020686450223891747
14333,166476,1.4692534342446018
163524,166498,543.7506679082785
93480,168283,4.956808253165548
166476,169031,0.4151124163594953
30671,171071,34.176410242687865
382098,172586,6.48155427277205
239180,174005,677.3461160532946
142606,174072,24266.51765582525
44080,17487,231.2916646316018
74779,175065,1424.1340615143965
410808,17555,21999.861612734458
367247,176755,1020.071665397609
313274,176829,1077.4891550538005
431485,17748,340.17404888820994
166498,177678,241.68912621055867
197024,177943,5.155533653641802
175065,178611,1482.1992060611801
22217,179128,1163.2266954525498
248112,179645,247.6157458149347
21608,179882,3.345066100616703
102223,181800,0.018145718503240153
102661,181800,0.013455032247920051
106741,181800,0.009584978228528176
123982,181800,0.000253557189691604
126231,181800,0.010493620299924561
133854,181800,0.0045113302394157295
134352,181800,0.005579341453057683
142002,181800,0.0015356464173384942
143704,181800,0.012458380353562244
148421,181800,0.003038949493780443
171071,181800,0.004497058359976433
194408,181800,0.012919837339550492
195541,181800,0.00034156702099723366
201307,181800,0.015893142528139455
21565,181800,0.00030113006798618665
222421,181800,0.017960184305078227
224237,181800,0.0006174897418339551
285491,181800,0.0008458395786502369
294416,181800,0.014004499050269726
302219,181800,0.017662853789664593
30671,181800,0.004223514293537266
35209,181800,0.0035503579988382028
36914,181800,0.0002844795450331192
377620,181800,0.008854734450499538
38204,181800,0.000981422300062494
38599,181800,0.01675896899241133
40056,181800,0.0024538030335857367
408507,181800,0.002420502030705712
423981,181800,0.002575113888698785
43597,181800,0.01645925981393235
43899,181800,0.0022206959015725297
454065,181800,0.0017449670721987978
46260,181800,0.0009528785629190514
51638,181800,0.005144049570474228
66002,181800,0.00801269443955418
70889,181800,0.007120702887260965
73861,181800,0.003486134581589026
80163,181800,0.00046763516377237255
214025,186030,1.018755745395897
152873,188460,738.1926338788904
105834,18906,0.20383468576102193
1160,18906,2.7323510334328203e-06
118814,18906,7.4191785710369e-07
126878,18906,2.650432421800519e-07
153003,18906,3.697277395621965e-08
158065,18906,7.4191785710369e-07
18973,18906,3.0640898215801814e-06
194952,18906,2.234742739481341e-06
212726,18906,4.708961500316899e-06
212866,18906,4.388400111545299e-08
239203,18906,1.0598342681390068e-06
24410,18906,4.388400111545299e-08
272656,18906,3.3750952198400435e-06
31961,18906,1.2187924722989758e-06
337558,18906,4.388400111545299e-08
3919,18906,2.296943776089022e-06
408157,18906,5.207586165768183e-07
4804,18906,9.146985151303964e-07
85090,18906,1.4261292623326998e-06
95829,18906,2.71852858102725e-06
98625,18906,3.430384678588947e-06
1160,18973,2.0718481752762528
192000,190663,665.4779549606692
86932,191510,0.8801978127220651
156869,192000,692.1819460228172
17487,19331,292.134868515516
143704,194408,111.31401363298222
395647,194409,245.22479947165175
10091,194952,0.00036083651394475845
118814,194952,0.0013013059866801547
11992,194952,0.00048188704077394636
126878,194952,0.0011406812487398932
130153,194952,0.0009684170371466264
14333,194952,0.00040739440696382776
153003,194952,0.001063860724322659
158065,194952,0.0013013059866801547
166476,194952,0.0004097223040940727
169031,194952,0.0004446407239077484
186030,194952,0.001049893354334341
191510,194952,0.0009660891435565686
19860,194952,0.0007519228262280492
212866,194952,0.0010661886177169208
214025,194952,0.0010056633551887514
239203,194952,0.001408389143632398
24410,194952,0.0010661886177169208
27916,194952,0.0004958544062077377
31961,194952,0.001461930724504981
337558,194952,0.0010661886177169208
34148,194952,0.0003398854610139701
35207,194952,0.00032126230180193506
408157,194952,0.0012268133539474117
422010,194952,0.0007775296687116517
42311,194952,0.0006774301962136947
45431,194952,0.0003841154568613067
4798,194952,0.0007309717759807496
4804,194952,0.0013595033550302903
50322,194952,0.000302639141894358
51992,194952,0.0003119507229678017
52293,194952,0.0005610354597583752
531,194952,0.0002560812475985879
71246,194952,0.0005563796668137649
76471,194952,0.00031660651086509327
85090,194952,0.0015317675663629486
86932,194952,0.0008822849323425269
8897,194952,0.00033522967098436956
10168,195096,19.564806294843716
21565,195541,10.9894395108274
18906,195555,0.250835996543852
98829,197024,3.9249340237528707
4798,19860,0.7711267930741845
219007,199234,6.873351343001292
133564,200278,1114.7396505917898
102840,200738,0.05735114749179736
104487,200738,0.06375004617072784
104943,200738,0.07411969007745292
107932,200738,0.024278268332460325
107934,200738,0.024256843316234317
108343,200738,0.0652033675162014
112336,200738,0.060522030477578204
129368,200738,0.07792260707657181
133978,200738,0.087810191187212
141483,200738,0.07554087395392849
152873,200738,0.14624299120811474
156869,200738,0.10708544512822646
162024,200738,0.07770478739381342
163524,200738,0.029345253505452522
166498,200738,0.031866248090945036
172586,200738,0.05230201652546167
174005,200738,0.017193773398326628
17487,200738,0.06221102553891867
176829,200738,0.13818723494181973
17748,200738,0.054183835505915406
177678,200738,0.0327875181721094
179128,200738,0.042246604489529785
179645,200738,0.04031122314545289
188460,200738,0.15180989024921138
190663,200738,0.11491981084205935
192000,200738,0.11264877319850676
19331,200738,0.06298589211858881
194409,200738,0.02327844058652921
22217,200738,0.04191451876681012
228395,200738,0.10142213383626514
23148,200738,0.005527924122021095
235619,200738,0.11998679590688545
238798,200738,0.017408022238098612
239180,200738,0.01681169621243189
241739,200738,0.07368405077178855
242347,200738,0.06837067946064762
248083,200738,0.03424441018714787
248112,200738,0.03641903588155087
25100,200738,0.060682716994069366
254614,200738,0.07481599882231484
258638,200738,0.09683720877521373
266688,200738,0.04344282700896489
276492,200738,0.015672606475343184
281361,200738,0.14063324230567248
283941,200738,0.06682094646615039
29698,200738,0.04635661125863936
304490,200738,0.06747083443000473
309151,200738,0.07254139030519077
313274,200738,0.13253820700858762
320214,200738,0.06341081906230545
322023,200738,0.07757980885121425
326558,200738,0.04143960042728988
331579,200738,0.12327908635582786
331905,200738,0.06466417447963017
35997,200738,0.06776007031505091
367891,200738,0.03380877078201308
371804,200738,0.06857778687903483
3724,200738,0.03352310572318769
382098,200738,0.05224845444084718
383878,200738,0.06120762690335051
38908,200738,0.005906430343981337
395647,200738,0.019779042637566066
402450,200738,0.01865066552688043
415700,200738,0.0839072912326564
422593,200738,0.09415552752467303
431485,200738,0.052516265468811704
43592,200738,0.04146102520751299
44080,200738,0.06133974682574998
443087,200738,0.03410514844045505
44644,200738,0.005224404673111528
49806,200738,0.060686287875725865
50175,200738,0.046474448152113115
54289,200738,0.04837412127039876
55030,200738,0.057272589635229264
55991,200738,0.08285390123615621
64474,200738,0.06771364966593962
68542,200738,0.04531750438610718
72278,200738,0.04112536873775946
75309,200738,0.056922649897994594
76460,200738,0.04616021672634669
77052,200738,0.01275882230787658
85461,200738,0.05504083084693155
89961,200738,0.1038967080014694
94792,200738,0.06816000139582258
95800,200738,0.05670125944358952
98269,200738,0.09859404919671054
102661,201307,0.014394260467567964
106741,201307,0.010554090778144398
123982,201307,0.001294702735855724
126231,201307,0.011455716371301793
133854,201307,0.005519621230757573
134352,201307,0.006579385295093144
138041,201307,0.0007636405899542892
142002,201307,0.0025669154406049452
143704,201307,0.013405304656137068
148421,201307,0.004058610125560127
159332,201307,0.000655067870356557
160176,201307,0.0007069939193141311
171071,201307,0.005505459571861199
177943,201307,0.0005795389935771714
194408,201307,0.013863198302364068
195541,201307,0.0013820329614379252
197024,201307,0.0005582965103440142
199234,201307,0.0003930771786894793
215024,201307,7.916043928910178e-05
21565,201307,0.001341908280874067
219007,201307,0.00031990863965016746
224237,201307,0.0016558250429947487
285491,201307,0.0018824115601790976
294416,201307,0.014939484329946224
30671,201307,0.0052340277674125454
35209,201307,0.004566069550733384
36914,201307,0.0013253863521902336
377620,201307,0.009829485931526315
38204,201307,0.0020169472922604505
40056,201307,0.0034779821395839847
408507,201307,0.003444938259759794
423981,201307,0.003598356217526548
43896,201307,0.0004662457764673764
43899,201307,0.003246675041076555
454065,201307,0.002774619763208437
46260,201307,0.0019886239672860222
51638,201307,0.006147454754474729
66002,201307,0.008993948055278802
68539,201307,0.0009855065806820625
70889,201307,0.008108844435883162
73861,201307,0.004502342095232784
80163,201307,0.0015071276295842706
98829,201307,0.00048040744916035385
168283,20327,6.071868174317271
10691,206398,9455.847900365403
1160,212726,0.0014526149334069419
118814,212726,0.000782167468705435
126878,212726,0.0006215394336845363
130153,212726,0.0004492716825305412
153003,212726,0.0005447173270805774
158065,212726,0.000782167468705435
186030,212726,0.0005307496703630753
18973,212726,0.0015643561762478334
191510,212726,0.00044694374019224066
194952,212726,0.0012850030680725919
19860,212726,0.00023277302551850588
212866,212726,0.0005470452692641322
214025,212726,0.0004865187621874458
239203,212726,0.0008892528288100542
24410,212726,0.0005470452692641322
272656,212726,0.0016691135931549714
31961,212726,0.000942795510452524
337558,212726,0.0005470452692641322
3919,212726,0.0013059545494501076
408157,212726,0.0007076733101285417
422010,212726,0.00025838039222582864
42311,212726,0.0001582788591000732
4798,212726,0.00021182153808336988
4804,212726,0.000840366034964441
52293,212726,4.1881734938577926e-05
71246,212726,3.722585003673128e-05
85090,212726,0.0010126337847783434
86932,212726,0.0003631378071841087
95829,212726,0.0014479590465972542
98625,212726,0.0016877371321228833
153003,212866,0.9945725668127445
130153,214025,1.0320842296365147
206398,21485,466069865.4212234
13815,215024,10.753270739321755
36914,21565,0.14808307901634937
92499,21608,5.424626023126211
136138,218853,7170.983587092516
10168,219007,0.001495473055727989
101977,219007,0.002135717738168265
103787,219007,0.0020798418377014406
105834,219007,0.001174186638620564
1147,219007,0.0018912606767671387
1160,219007,0.0004687534163964475
116940,219007,0.001341814336769153
122663,219007,0.00124635967409571
13815,219007,0.00228474357987797
151054,219007,0.0016142093449714027
168283,219007,0.0016677570813261391
179882,219007,0.0019774026892260383
18906,219007,0.0011858274498160568
18973,219007,0.0005805052101717264
194952,219007,0.0003011257147588744
195096,219007,0.0015979122047652462
195555,219007,0.001195140100412794
20327,219007,0.0017352737922003252
212726,219007,0.0011346078760131157
215024,219007,0.002384854577240714
21608,219007,0.0019727463644860976
272656,219007,0.0006852725195142349
359120,219007,0.0013394861722931543
3919,219007,0.00032207917761913665
50353,219007,0.0020565602088088433
55976,219007,0.0012300625353276321
65774,219007,0.002273102766677243
70524,219007,0.002217203422295239
71072,219007,0.0018307284511041623
77138,219007,0.0012626568146144822
79657,219007,0.0018470255884308153
85090,219007,2.87307080236317e-05
92499,219007,0.0019052296514261433
93480,219007,0.0016258501550992892
95829,219007,0.0004640970895891386
98625,219007,0.0007038978234191192
43592,22217,247.6669094007789
302219,222421,82.98524667775771
80163,224237,14.117711856302355
98269,228395,529.5239398657908
44644,23148,575.966008219056
45893,233350,941.3330240163943
190663,235619,862.3294821037698
306526,238353,648.5886528021047
102223,238798,0.009678956945561546
102661,238798,0.006561961221659687
106741,238798,0.0039902820965631355
126231,238798,0.004594081926474146
133854,238798,0.0006188050637905613
134352,238798,0.0013285060746109016
143704,238798,0.005899678583579661
146005,238798,0.015646346186766028
171071,238798,0.0006093212483837431
174005,238798,0.026113040272289077
181800,238798,0.01178751243479594
194408,238798,0.006206319637694986
201307,238798,0.00818210368829736
222421,238798,0.009555668298223895
23148,238798,0.020949239111605
239180,238798,0.025943917051642562
248489,238798,0.012310037671417298
276492,238798,0.025439707008837336
284994,238798,0.015396612407278841
294416,238798,0.0069270859110404795
302219,238798,0.009358089454765147
30671,238798,0.0004275486338210042
310224,238798,0.012734891458170368
331689,238798,0.011906059632253548
377620,238798,0.0035050287468961256
38599,238798,0.008757451056469249
38908,238798,0.02111678240493314
397799,238798,0.01496352910605077
43597,238798,0.008558292685264132
44644,238798,0.020814888764535005
51638,238798,0.0010392511611627383
66002,238798,0.0029454868783782523
70889,238798,0.002352751869200352
77052,238798,0.024149942562175817
276492,239180,159.42814792687454
4804,239203,1.4379885168192819
309151,241739,370.40405144805527
94792,242347,2554.566238607288
447949,243041,6727.305139270002
153003,24410,0.9945725668127445
102840,247379,0.019655570272275005
104487,247379,0.022845450056155438
104943,247379,0.028014764913953227
107932,247379,0.003168592177313756
107934,247379,0.003157909362119629
108343,247379,0.023569938047179887
112336,247379,0.02123627390898246
129368,247379,0.029910540812471468
133564,247379,0.07483208991574318
133932,247379,0.10250134971722444
133978,247379,0.03483947016150264
138824,247379,0.09427925153321291
141483,247379,0.02872323146373068
149298,247379,0.09711844780716619
152873,247379,0.06396837959489185
156869,247379,0.044448238405977586
158066,247379,0.09242442985802897
162024,247379,0.029801959915956865
163524,247379,0.005694512108273131
166498,247379,0.006951239878804947
172586,247379,0.017138555125690794
17487,247379,0.022078249059886174
176755,247379,0.10538327070031323
176829,247379,0.059952559646560134
17748,247379,0.018076654666631217
177678,247379,0.007410496280143504
179128,247379,0.012125890251680501
179645,247379,0.011161091234214346
188460,247379,0.06674349271754669
190663,247379,0.04835368485710393
192000,247379,0.04722157151231198
19331,247379,0.02246451851890683
194409,247379,0.002670173260852525
200278,247379,0.0777763092005581
200738,247379,0.07427849148553291
22217,247379,0.011960342110515304
228395,247379,0.04162506511579567
233350,247379,0.08598772713912735
235619,247379,0.050879594485231154
238353,247379,0.08342978290801364
241739,247379,0.02779760002148402
242347,247379,0.025148854829332035
248083,247379,0.0081367657660546
248112,247379,0.009220823613989614
25100,247379,0.021316371986595355
254614,247379,0.02836187985337094
258638,247379,0.03933946458364182
258838,247379,0.09661469153422633
266688,247379,0.012722208219348961
281361,247379,0.061171904196990666
283941,247379,0.024376314828211974
29698,247379,0.014174749270111357
304490,247379,0.024700283907387127
306526,247379,0.07845985034063556
307602,247379,0.09900887166557605
309151,247379,0.02722798006793674
313274,247379,0.05713650923095253
320214,247379,0.02267634871043882
322023,247379,0.029739657618321223
326558,247379,0.011723591153882391
331579,247379,0.05252081532093447
331905,247379,0.023301155756955405
333308,247379,0.08825196572901367
349882,247379,0.09730891515361462
35997,247379,0.02484447301883325
367247,247379,0.10342342388885208
367891,247379,0.007919596504954215
371804,247379,0.025252105413724118
3724,247379,0.007777185550281061
382098,247379,0.017111853872260992
383878,247379,0.021578045347030794
395647,247379,0.0009257080425898687
402450,247379,0.00036321610394280827
414627,247379,0.08888566862435365
415700,247379,0.03289386672483488
422593,247379,0.03800263720190113
431485,247379,0.01724535927582489
43592,247379,0.011734276403007438
44080,247379,0.021643910809257046
443087,247379,0.008067335976023915
45893,247379,0.08402076119580876
49806,247379,0.021318152869142924
50175,247379,0.014233489025243892
53966,247379,0.09901420947894204
54289,247379,0.015180484447417835
55030,247379,0.019616409424297918
55991,247379,0.032368748999280786
64474,247379,0.024821328070361574
68542,247379,0.01365674811641944
72278,247379,0.011566949453077133
75309,247379,0.01944196970791941
76460,247379,0.014076835173968774
85461,247379,0.01850386913042763
88029,247379,0.09874008247959988
89961,247379,0.042858642461649346
94792,247379,0.02504383344433546
95800,247379,0.01933160137267257
98269,247379,0.04021525135915208
443087,248083,1747.390787200599
248083,248112,284.90945107755266
331689,248489,83.61163020523435
112336,25100,51.050932787163475
104943,254614,367.4002060725832
422593,258638,632.0897345586488
138824,258838,723.4505039270592
179128,266688,253.43246317422384
144568,26963,0.003580673097130515
18973,272656,4.648507192427876
102223,276492,0.01598178137515545
102661,276492,0.011074178100539048
106741,276492,0.007025156562109968
126231,276492,0.007975818056336237
133854,276492,0.001716881851755665
134352,276492,0.0028342824054843527
143704,276492,0.01003143688650272
146005,276492,0.025376407329255474
148421,276492,0.0001764120059581513
171071,276492,0.001701950022228327
181800,276492,0.019301630671935757
194408,276492,0.010514233536759048
201307,276492,0.013625036804679184
222421,276492,0.015787667256382386
23148,276492,0.03372580336794618
248489,276492,0.01999596197820204
284994,276492,0.024983201793238274
294416,276492,0.01164905454253934
302219,276492,0.01547658691741032
30671,276492,0.001415756092591191
310224,276492,0.020792327614979463
331689,276492,0.019488278885529488
35209,276492,0.0007114701887022133
377620,276492,0.0062611432590503535
38599,276492,0.014530902740919895
38908,276492,0.0339895994431387
397799,276492,0.024301313746163462
43597,276492,0.014217333760146195
44644,276492,0.03351426868232431
51638,276492,0.0023788607154419114
66002,276492,0.005380163775097892
70889,276492,0.004446922763092542
73861,276492,0.0006442768457333444
77052,276492,0.03876530466979792
11992,27916,0.50567372637471
176829,281361,520.0439913524336
108343,283941,376.228417501247
397799,284994,103.37341798603569
224237,285491,23.091645279845324
102661,294416,231.49750849934867
76460,29698,84340729.37582186
102661,302219,0.013966313802542738
106741,302219,0.010111821851886658
123982,302219,0.0008179239252398847
126231,302219,0.01101681014480287
133854,302219,0.005058575794120232
134352,302219,0.006122292365901826
138041,302219,0.000284881093367472
142002,302219,0.00209485762999659
143704,302219,0.012973669615943359
148421,302219,0.003592115739335165
159332,302219,0.00017587995622709692
160176,302219,0.00022799964785490833
171071,302219,0.005044361313990328
177943,302219,0.00010006942137613084
194408,302219,0.013433270939641395
195541,302219,0.0009055798819675119
197024,302219,7.874771854664182e-05
201307,302219,0.016394620077507988
21565,302219,0.0008653054811119889
224237,302219,0.001180393028046216
285491,302219,0.0014078246715660899
294416,302219,0.014513571081031133
30671,302219,0.004771917219701232
35209,302219,0.004101467769650101
36914,302219,0.0008487219536855039
377620,302219,0.009384514508358494
38204,302219,0.0015428621676475836
38599,302219,0.017256964898887436
40056,302219,0.003009322207684713
408507,302219,0.002976155147568902
423981,302219,0.003130145284565045
43597,302219,0.016958460929081674
43899,302219,0.002777152464498326
454065,302219,0.002303336620407045
46260,302219,0.0015144331949461989
51638,302219,0.005688750872141621
66002,302219,0.008545860435536397
68539,302219,0.0005075745363286698
70889,302219,0.007657455706252152
73861,302219,0.004037502635436874
80163,302219,0.0010311410539259938
98829,302219,2.450075946700077e-07
283941,304490,327.91814811557015
200278,306526,2384.8055341211
10168,30671,0.0008724166472394631
101977,30671,0.0015141893874850273
103787,30671,0.0014581801419118765
105834,30671,0.0005503634236230609
1147,30671,0.0012691488983944093
116940,30671,0.0007183912158600825
122663,30671,0.0006227087323566183
123982,30671,0.002965786264766274
138041,30671,0.002440675846126257
13815,30671,0.0016635474088889672
142002,30671,0.004223661009756377
148421,30671,0.005698571665407169
151054,30671,0.0009914363290425123
159332,30671,0.002333324771976995
160176,30671,0.002384666591424959
168283,30671,0.0010451118732159586
177943,30671,0.002258645768884608
179882,30671,0.0013554965054725068
18906,30671,0.0005620320339220956
195096,30671,0.0009751003046975363
195541,30671,0.0030521338856829066
195555,30671,0.0005713669142208837
197024,30671,0.002237642298445939
199234,30671,0.002074281968572848
20327,30671,0.001112789729559007
212726,30671,0.0005106902104387019
215024,30671,0.0017638973274695876
21565,30671,0.003012460653045864
21608,30671,0.0013508290642371052
219007,30671,0.0020019366868841326
224237,30671,0.003322845332375237
272656,30671,6.028244388603472e-05
285491,30671,0.003546882395261856
35209,30671,0.006200321320595009
359120,30671,0.0007160574796402251
36914,30671,0.002996124617002052
38204,30671,0.003679904404467934
40056,30671,0.00512447668418135
408507,30671,0.005091804614570403
423981,30671,0.00524349637904368
43896,30671,0.002146627239692623
43899,30671,0.0048957721908621235
454065,30671,0.004429028316349611
46260,30671,0.00365189976736906
50353,30671,0.0014348429321760286
55976,30671,0.0006063727055633651
65774,30671,0.0016518788236896261
68539,30671,0.0026600690252204886
70524,30671,0.001595869558407326
71072,30671,0.001208472208972664
73861,30671,0.006137310901249417
77138,30671,0.0006390447647827649
79657,30671,0.0012248082478828366
80163,30671,0.0031758210059769456
92499,30671,0.001283151204898571
93480,30671,0.0010031049290045563
98625,30671,7.895220181575778e-05
98829,30671,0.0021606295619685553
88029,307602,51.79128011953807
371804,309151,412.7113258228173
248489,310224,201.00776875755415
31739,3104,26.122722235116967
102840,313274,0.057199548750450885
104487,313274,0.06315598670874026
104943,313274,0.07280860733701042
107932,313274,0.02641353931141867
107934,313274,0.026393595791449814
108343,313274,0.06450881616868084
112336,313274,0.06015117654415506
129368,313274,0.07634856631868704
133978,313274,0.08555245966041755
141483,313274,0.07413152163857377
156869,313274,0.10349489989240672
162024,313274,0.0761458080950319
163524,313274,0.031130160632019965
166498,313274,0.03347683764939789
172586,313274,0.05249954681310568
174005,313274,0.01981891126014178
17487,313274,0.06172338383498475
17748,313274,0.05425124481646176
177678,313274,0.03433440518038083
179128,313274,0.04313942993963464
179645,313274,0.04133787329974882
190663,313274,0.11078754773734475
192000,313274,0.1086735441946471
19331,313274,0.06244467110196976
194409,313274,0.025482845811190067
22217,313274,0.0428303067215177
228395,313274,0.09822318633387235
23148,313274,0.008959713217719682
235619,313274,0.11550416923573431
238798,313274,0.020018345725187927
239180,313274,0.019463253480316633
241739,313274,0.0724030908764217
242347,313274,0.06745712021250796
248083,313274,0.03569055853350863
248112,313274,0.037714816662425675
25100,313274,0.060300752233355945
254614,313274,0.0734567688980703
258638,313274,0.09395529206276199
266688,313274,0.044252938166385244
276492,313274,0.018402927642868713
283941,313274,0.06601454533343291
29698,313274,0.0469652448264425
304490,313274,0.06661949590867758
309151,313274,0.07133944117775491
320214,313274,0.0628402157108558
322023,313274,0.07602947141719481
326558,313274,0.042388227450390406
331579,313274,0.1185688095815657
331905,313274,0.06400690662254406
35997,313274,0.06688873243451905
367891,313274,0.03528504189721934
371804,313274,0.06764990654210959
3724,313274,0.03501912965946961
382098,313274,0.05244968837759134
383878,313274,0.060789366370617805
38908,313274,0.00931204708262616
395647,313274,0.02222541872840414
402450,313274,0.021175064725446443
415700,313274,0.0819194314564978
422593,313274,0.09145903911517696
431485,313274,0.05269898112918368
43592,313274,0.0424081708980074
44080,313274,0.06091235080037376
443087,313274,0.03556092622669298
44644,313274,0.008677181353977612
49806,313274,0.06030407618396635
50175,313274,0.04707493369847196
54289,313274,0.048843251200611
55030,313274,0.05712642279260048
55991,313274,0.08093887945476015
64474,313274,0.06684552152793323
68542,313274,0.04599798838217173
72278,313274,0.042095723756442195
75309,313274,0.05680068010503013
76460,313274,0.046782429958053595
77052,313274,0.01569062111275339
85461,313274,0.0550489820679068
89961,313274,0.10052665258154803
94792,313274,0.06726100972436003
95800,313274,0.05659459806884434
98269,313274,0.09559065349347483
178611,31739,1096.4923092696217
239203,31961,1.565521903172874
19331,320214,1180.240676274114
141483,322023,62.1442860353759
72278,326558,682.3702005304285
235619,331579,730.7442348511004
181800,331689,736.1098991810896
104487,331905,369.30860591801195
233350,333308,986.2033120891992
153003,337558,0.9945725668127445
8897,34148,0.49990513963481065
243041,346708,4053225901958.243
372303,348950,31.0576782643254
149298,349882,12796.258737486793
76471,35207,1.053427444765378
73861,35209,24.127154222009697
77138,359120,5.353878924353129
64474,35997,42.67252412362944
346708,360286,722.2809765392296
133932,367247,2322.1854099660827
102223,367891,0.004509739362240021
102661,367891,0.0026916226164562075
106741,367891,0.0011915852250605006
107932,367891,0.015924554596118672
107934,367891,0.015919022868299892
126231,367891,0.0015437744212075627
143704,367891,0.002305318782439645
146005,367891,0.007990161378609442
163524,367891,0.01723282031584375
166498,367891,0.0178837254021217
174005,367891,0.014095379951455503
177678,367891,0.01812159143341359
181800,367891,0.005739641072223814
194408,367891,0.0024841801670135257
194409,367891,0.015666405815168847
201307,367891,0.0036366373622923795
222421,367891,0.004437826834606142
23148,367891,0.01108335445214681
238798,367891,0.014150698080455866
239180,367891,0.013996729873638446
248489,367891,0.005996869632749548
276492,367891,0.013702623865590676
284994,367891,0.007844488519653662
294416,367891,0.002904596189170059
302219,367891,0.004322580176587922
310224,367891,0.006291898977484808
331689,367891,0.005808789090988341
3724,367891,0.018311516495393265
377620,367891,0.0009085408466910145
38599,367891,0.003972231878165344
38908,367891,0.011181083588057025
395647,367891,0.01476288180468461
397799,367891,0.007591869912407195
402450,367891,0.014471540848014379
43597,367891,0.0038560662754904633
44644,367891,0.011004988106255295
66002,367891,0.0005821646445789364
70889,367891,0.0002364277603091632
77052,367891,0.012950334853745665
123982,36914,11.0556935354742
242347,371804,276.72420764247545
3104,372303,3334.210735224117
177678,3724,220.3496408460932
10168,377620,0.00018199578766992048
101977,377620,0.0008256702920731099
103787,377620,0.0007694950536270663
1147,377620,0.00057990366382077
116940,377620,2.75138961973839e-05
123982,377620,0.0022815449690617557
133854,377620,0.0064713038423126305
134352,377620,0.007522248636877667
138041,377620,0.0017549021931726415
13815,377620,0.0009754709075497877
142002,377620,0.0035431702606329267
148421,377620,0.0050224511914914605
151054,377620,0.00030136814017448686
159332,377620,0.0016472329857222467
160176,377620,0.001698726965230371
168283,377620,0.00035520276155321566
171071,377620,0.006457260029455894
177943,377620,0.0015723327157148481
179882,377620,0.0006665071157186301
195096,377620,0.00028498370518847846
195541,377620,0.0023681484475810838
197024,377620,0.0015512669715107483
199234,377620,0.0013874225625073032
20327,377620,0.00042308112161707894
215024,377620,0.001076118158524714
21565,377620,0.0023283576435696495
21608,377620,0.0006618258494475265
219007,377620,0.0013148628989751924
224237,377620,0.0026396853948734587
285491,377620,0.0028643862943692634
30671,377620,0.006188087086021131
35209,377620,0.005525687553532807
359120,377620,2.5173259158470025e-05
36914,377620,0.0023119732159902363
38204,377620,0.00299780245525017
40056,377620,0.004446655118646502
408507,377620,0.004413886233893082
423981,377620,0.004566027472549784
43896,377620,0.0014599822333192436
43899,377620,0.004217272966193654
454065,377620,0.0037491460823581655
46260,377620,0.002969714836062725
50353,377620,0.0007460886996625352
51638,377620,0.007093912580406922
65774,377620,0.0009637677359026435
66002,377620,0.009916717620783878
68539,377620,0.0019749218270584414
70524,377620,0.0009075925086409525
70889,377620,0.009038979708924085
71072,377620,0.0005190471461853518
73861,377620,0.005462490423679389
79657,377620,0.0005354316143514296
80163,377620,0.0024922020699051904
92499,377620,0.000593947471056394
93480,377620,0.00031307131241518373
98829,377620,0.0014740260502734215
17555,377952,3567.1495788093953
46260,38204,13.266951892575301
54289,382098,654.2118266165425
49806,383878,1191.242866809734
43597,38599,83.88680577346655
23148,38908,786.3743346007252
194952,3919,0.16824851467328789
402450,395647,183.96309876052806
102223,397799,0.017487314215275714
102661,397799,0.012754243977402123
106741,397799,0.008849221061014772
126231,397799,0.009766073412534295
133854,397799,0.0037297288142012076
134352,397799,0.004807390288216818
142002,397799,0.0007271573958799388
143704,397799,0.011748586594804118
148421,397799,0.0022440439518252313
171071,397799,0.003715327939458324
181800,397799,0.020689097019271376
194408,397799,0.012214213178939488
201307,397799,0.01521438443807008
222421,397799,0.01730010354388616
248489,397799,0.021358735256517363
285491,397799,3.111763093650062e-05
294416,397799,0.01330867569330396
302219,397799,0.017000086378601145
30671,397799,0.0034393122257030187
310224,397799,0.02212677901288896
331689,397799,0.02086910727345653
35209,397799,0.0027600734121692636
377620,397799,0.008112378991752897
38204,397799,0.00016792545544862172
38599,397799,0.016088034355675636
40056,397799,0.0016536102761521183
408507,397799,0.00162000836461747
423981,397799,0.0017760172360193026
43597,397799,0.015785617059404018
43899,397799,0.001418396864535866
454065,397799,0.0009383694430290992
46260,397799,0.00013912378148130177
51638,397799,0.004368165273619626
66002,397799,0.007262730486630928
70889,397799,0.0063626791271864025
73861,397799,0.0026952697299506816
408507,40056,78.59189776951402
238798,402450,215.66676295156967
126878,408157,2.746872734241646
43899,408507,35.61255603037398
174072,410808,1990.7565688514196
102840,414627,0.03724430817188481
104487,414627,0.04196999217437461
104943,414627,0.04962813317763508
107932,414627,0.012819432661440078
107934,414627,0.012803611750527931
108343,414627,0.043043291109824335
112336,414627,0.03958605427730203
129368,414627,0.05243664623850019
133564,414627,0.11898651278643393
133978,414627,0.05973877577777447
141483,414627,0.05067769776658781
152873,414627,0.10289228849473055
156869,414627,0.0739738437132752
162024,414627,0.052275781197941
163524,414627,0.016561492376251936
166498,414627,0.018423288377162485
172586,414627,0.033515447912983956
174005,414627,0.007587411754357111
17487,414627,0.040833400151635134
176829,414627,0.09694298978546771
17748,414627,0.03490519941601428
177678,414627,0.019103693600584788
179128,414627,0.02608937230079254
179645,414627,0.02466006257729467
188460,414627,0.10700352867012972
190663,414627,0.07975964156589681
192000,414627,0.07808244638335542
19331,414627,0.04140565191297484
194409,414627,0.012081042286784844
200278,414627,0.12334827677011448
200738,414627,0.11816637392481702
22217,414627,0.025844122151516505
228395,414627,0.06979140154515634
233350,414627,0.13551322204382277
235619,414627,0.08350168860320978
238353,414627,0.1317237071410349
238798,414627,0.007745635098240354
239180,414627,0.007305241775473573
241739,414627,0.049306404771289246
242347,414627,0.04538239931462634
248083,414627,0.020179630328233618
248112,414627,0.021785623976247632
25100,414627,0.03970472231173811
254614,414627,0.050142366850826764
258638,414627,0.06640536546953986
266688,414627,0.02697280205718214
276492,414627,0.006464068931066094
281361,414627,0.098749402244109
283941,414627,0.04423789863430404
29698,414627,0.029124674148937085
304490,414627,0.044717847756286816
306526,414627,0.12436092357973129
309151,414627,0.048462535529293506
313274,414627,0.09277109617087635
320214,414627,0.04171946622128644
322023,414627,0.05218348166585958
326558,414627,0.025493389135653802
331579,414627,0.08593309647527322
331905,414627,0.04264508986006397
333308,414627,0.1388676131551322
35997,414627,0.04493145761965803
367891,414627,0.01985790014288252
371804,414627,0.04553535256992472
3724,414627,0.01964693579278026
382098,414627,0.03347589093657923
383878,414627,0.04009237582998552
395647,414627,0.00949667667174055
402450,414627,0.008663351460089518
415700,414627,0.05685642328738693
422593,414627,0.06442490260551453
431485,414627,0.0336736729638412
43592,414627,0.025509210185864564
44080,414627,0.04018994748112169
443087,414627,0.02007678423200538
45893,414627,0.13259922550317066
49806,414627,0.03970735985686372
50175,414627,0.029211698650607926
54289,414627,0.030614637549480142
55030,414627,0.03718629113097721
55991,414627,0.056078477178540795
64474,414627,0.04489717252895627
68542,414627,0.028357277463470477
72278,414627,0.025261321931367643
75309,414627,0.036927854467593633
76460,414627,0.028979633021440673
77052,414627,0.0043121979924014425
85461,414627,0.03553810332197153
89961,414627,0.07161891247035407
94792,414627,0.04522681075837475
95800,414627,0.0367643540982042
98269,414627,0.0677028187521692
55991,415700,406.2868052101356
19860,422010,0.8021881495366159
133978,422593,16.21759638290444
52293,42311,1.2098667808819552
40056,423981,24.429926927222745
172586,431485,349.2358364569512
382098,431485,0.006059796014437242
326558,43592,22499592234388.074
201307,43597,175.49806630597706
21485,4364,4108.549450624112
199234,43896,7.701431458811279
10168,43899,0.0013232892320881012
101977,43899,0.001964334207691356
103787,43899,0.0019083884626486143
105834,43899,0.0010016011960215032
1147,43899,0.0017195715761684788
1160,43899,0.0002952861869549071
116940,43899,0.0011694384391169774
122663,43899,0.0010738644494200683
123982,43899,0.003414285246388965
138041,43899,0.0028897937870378597
13815,43899,0.002113522850201868
142002,43899,0.004670733691098652
151054,43899,0.0014421739327214076
159332,43899,0.002782564419012815
160176,43899,0.0028338480257242946
168283,43899,0.0014957886062904313
177943,43899,0.002707970079145069
179882,43899,0.001805821262595018
18906,43899,0.0010132565688710613
18973,43899,0.00040717767892293707
194952,43899,0.00012744896924346032
195096,43899,0.001425856427310893
195541,43899,0.003500534951533906
195555,43899,0.0010225808538975826
197024,43899,0.0026869904166028726
199234,43899,0.0025238152944517074
20327,43899,0.0015633897034418053
212726,43899,0.0009619729717665053
215024,43899,0.002213758969523167
21565,43899,0.0034609067182148614
21608,43899,0.0018011591138565213
219007,43899,0.0024515283789785587
224237,43899,0.0037709394410778935
272656,43899,0.0005120759490387482
285491,43899,0.003994722473704017
359120,43899,0.0011671073576740225
36914,43899,0.0034445892010920363
38204,43899,0.004127593639798773
3919,43899,0.00014842862517339977
43896,43899,0.0025960785648618304
454065,43899,0.0048758681308688065
46260,43899,0.0040996207653135235
50353,43899,0.0018850777331282922
55976,43899,0.001057546943294578
65774,43899,0.0021018674910339738
68539,43899,0.003108914663024419
70524,43899,0.002045921746248124
71072,43899,0.0016589636800900598
77138,43899,0.0010901819659131418
79657,43899,0.0016752811947494005
80163,43899,0.00362408183450785
92499,43899,0.0017335580082021176
93480,43899,0.00145382929177076
95829,43899,0.00029062404140163035
98625,43899,0.0005307245349855995
98829,43899,0.002610065002342955
383878,44080,6006.2113079797255
367891,443087,853.4175890013098
102223,44644,0.0168523858131386
102661,44644,0.01205633135724742
106741,44644,0.00809934318989295
126231,44644,0.00902839633110932
133854,44644,0.002911724423834566
134352,44644,0.004003726714612522
143704,44644,0.011037291347421775
146005,44644,0.026033473787030574
148421,44644,0.0014062692342832674
171071,44644,0.0028971320266257044
181800,44644,0.020096775611083993
194408,44644,0.011509114172572492
201307,44644,0.014549209533571162
222421,44644,0.016662683820404908
248489,44644,0.0207753248449228
284994,44644,0.02564920577260433
294416,44644,0.012618140967100804
302219,44644,0.016358674315403346
30671,44644,0.002617443233356816
310224,44644,0.021553589287795355
331689,44644,0.02027918130534015
35209,44644,0.0019291656530047944
377620,44644,0.007352695776172428
38599,44644,0.01543448533214812
397799,44644,0.024982816854098144
40056,44644,0.0008079785016466415
408507,44644,0.0007739294368079376
423981,44644,0.0009320143746622958
43597,44644,0.01512804370958147
43899,44644,0.0005696349629896767
454065,44644,8.321973863269878e-05
51638,44644,0.003558656736827751
66002,44644,0.006491740814061845
70889,44644,0.0055797121689464355
73861,44644,0.0018634995825073056
218853,447949,11859.57646819442
142002,454065,15.91521295999513
10091,45431,0.49328345948502866
238353,45893,2627.138812789866
285491,46260,16.293934623609147
42311,4798,0.8491048154865579
118814,4804,1.111972489975802
158065,4804,1.111972489975802
25100,49806,24717.13384825482
29698,50175,10804.911791799075
531,50322,0.3294978143556026
179882,50353,2.7405848713386844
10168,51638,0.0006175008033388155
101977,51638,0.0012596717376917653
103787,51638,0.0012036277246250471
105834,51638,0.00029524777402140887
1147,51638,0.0010144792013957922
116940,51638,0.00046337979176457565
122663,51638,0.0003676379394390067
123982,51638,0.002712169314714053
133854,51638,0.006892119043970063
138041,51638,0.0021867330258425357
13815,51638,0.00140912242987658
142002,51638,0.0039708245615578674
148421,51638,0.005446650400392466
151054,51638,0.0007365943409819178
159332,51638,0.0020793153510545053
160176,51638,0.0021306890255370185
168283,51638,0.0007903031666553816
171071,51638,0.006878108041978499
177943,51638,0.0020045900055145303
179882,51638,0.0011008803780408489
18906,51638,0.0003069236079632592
195096,51638,0.0007202481492990299
195541,51638,0.0027985705080425974
195555,51638,0.0003162642750209014
197024,51638,0.0019835735032673087
199234,51638,0.0018201118284074827
20327,51638,0.0008580230155545227
212726,51638,0.00025554991572459635
215024,51638,0.0015095345991296579
21565,51638,0.002758872660441086
21608,51638,0.0010962100488686299
219007,51638,0.0017477216306837824
224237,51638,0.003069449936143656
285491,51638,0.0032936260039907028
30671,51638,0.006609563792376905
35209,51638,0.005948711393080602
359120,51638,0.00046104461493742214
36914,51638,0.0027425264911544243
38204,51638,0.0034267305492547344
40056,51638,0.004872199204799477
408507,51638,0.0048395068612821415
423981,51638,0.004991292743514152
43896,51638,0.0018925019928793794
43899,51638,0.00464335279957558
454065,51638,0.004176319294054689
46260,51638,0.00339870854241849
50353,51638,0.0011802760552217448
55976,51638,0.0003512917613275128
65774,51638,0.0013974465832102372
68539,51638,0.0024062387220944886
70524,51638,0.00134140258449865
71072,51638,0.0009537648575828667
73861,51638,0.005885661872723534
77138,51638,0.00038398410485338566
79657,51638,0.0009701110300532856
80163,51638,0.0029223343763484346
92499,51638,0.0010284902070536596
93480,51638,0.0007482701599313823
98829,51638,0.001906512994756076
50322,51992,0.2508823657567867
71246,52293,0.4995659756078507
144568,531,0.0030494536592447557
26963,531,0.004394822847071222
307602,53966,1288915555.594571
50175,54289,257.37140861961774
141809,54301,2971.4984100491038
75309,55030,860.1026544293242
195555,55976,2.3537614462499565
102840,55991,0.05833755352025724
104487,55991,0.06371095447865685
104943,55991,0.07241874242128489
107932,55991,0.030564987021329364
107934,55991,0.030546995729218977
108343,55991,0.06493136403569907
112336,55991,0.06100026550578708
129368,55991,0.07561219779967485
141483,55991,0.07361216522121296
146005,55991,0.004759469212666917
162024,55991,0.07542928638137124
163524,55991,0.03481992887089944
166498,55991,0.036936904986537726
172586,55991,0.05409760438921234
174005,55991,0.024615864602827133
17487,55991,0.06241857947937442
17748,55991,0.055677840000841285
177678,55991,0.03771053075531771
179128,55991,0.045653688611113956
179645,55991,0.044028474779299664
19331,55991,0.06306926481047062
194409,55991,0.029725393128108492
22217,55991,0.04537482356585907
23148,55991,0.014819602983472806
238798,55991,0.02479577760482212
239180,55991,0.02429501973236066
241739,55991,0.07205291940662716
242347,55991,0.06759107757177707
248083,55991,0.038933939016991666
248112,55991,0.04076005570477781
25100,55991,0.061135200329727586
254614,55991,0.07300345971051977
266688,55991,0.04665820288266677
276492,55991,0.023338482477151534
283941,55991,0.06628970711449433
284994,55991,0.00428569816329011
29698,55991,0.04910501924685352
304490,55991,0.0668354430514134
309151,55991,0.0710933835733111
320214,55991,0.06342609223581211
322023,55991,0.07532433702264134
326558,55991,0.04497601644566424
331905,55991,0.06447858320604834
35997,55991,0.06707832562407177
367891,55991,0.03856811602235586
371804,55991,0.0677649934721811
3724,55991,0.038328232017911
382098,55991,0.05405262618774642
383878,55991,0.061575987122698364
38908,55991,0.015137449339591186
395647,55991,0.026786814551117293
397799,55991,0.003464095631393395
402450,55991,0.02583927284783439
431485,55991,0.05427751739819451
43592,55991,0.04499400777028956
44080,55991,0.06168693334905387
443087,55991,0.03881699554255259
44644,55991,0.0145647263750081
49806,55991,0.06113819891334803
50175,55991,0.04920397148411913
54289,55991,0.05079919987959936
55030,55991,0.05827158543883405
64474,55991,0.0670393445302837
68542,55991,0.04823244141030647
72278,55991,0.04471214403248713
75309,55991,0.05797772755533991
76460,55991,0.04894009913889423
77052,55991,0.020891666056897542
85461,55991,0.05639749196179162
94792,55991,0.0674141631553683
95800,55991,0.05779181753743047
304490,64474,2461.6372606552177
70524,65774,6.028520003349457
10168,66002,0.0003127647257621555
101977,66002,0.0009560446137288004
103787,66002,0.000899903846552075
1147,66002,0.0007104286851439094
116940,66002,0.0001583775383860933
122663,66002,6.247037181373932e-05
123982,66002,0.002411026827333603
133854,66002,0.006598216957484156
134352,66002,0.007648517487718289
138041,66002,0.0018847068882399012
13815,66002,0.0011057534136528634
142002,66002,0.0036718785172711902
148421,66002,0.005150252536271746
151054,66002,0.0004320639157754024
159332,66002,0.0017771037029734712
160176,66002,0.0018285661010318966
168283,66002,0.00048586552046858683
171071,66002,0.0065841817692236185
177943,66002,0.0017022493158822137
179882,66002,0.0007969790457449279
18906,66002,1.6511968835431027e-06
195096,66002,0.0004156895160658338
195541,66002,0.0024975771845104646
195555,66002,1.1007994173404684e-05
197024,66002,0.0016811965188921118
199234,66002,0.0015174525354450254
20327,66002,0.0005537023046843188
215024,66002,0.0012063389998463903
21565,66002,0.0024578108023577934
21608,66002,0.0007923006496341656
219007,66002,0.0014449373663465853
224237,66002,0.002768947547809218
285491,66002,0.0029935106922012946
30671,66002,0.006315173828197415
35209,66002,0.005653180401601732
359120,66002,0.00015603835039899484
36914,66002,0.0024414363888558186
38204,66002,0.003126845043005966
40056,66002,0.004574809466273501
408507,66002,0.004542060695286346
423981,66002,0.0046941086618484396
43896,66002,0.0015899677374487896
43899,66002,0.004345567945801936
454065,66002,0.003877728071893123
46260,66002,0.0030987746673621233
50353,66002,0.0008765118523443331
51638,66002,0.007220443990910687
55976,66002,4.6095972663526766e-05
65774,66002,0.0010940574058896486
68539,66002,0.00210459164850815
70524,66002,0.001037916606401255
70889,66002,0.009164318692658288
71072,66002,0.0006496094697617617
73861,66002,0.005590022026007345
77138,66002,7.884474611550707e-05
79657,66002,0.0006659838805712581
80163,66002,0.0026215779950068585
92499,66002,0.0007244638913619847
93480,66002,0.00044375989790159016
98829,66002,0.0016040029559843028
10168,68539,0.0012139844890839406
101977,68539,0.0018543263934280717
103787,68539,0.0017984420095042545
105834,68539,0.0008926492681515833
1147,68539,0.0016098322097497185
1160,68539,0.0001871089123977361
116940,68539,0.0010603024300161394
122663,68539,0.0009648332690359585
138041,68539,0.002778770658532365
13815,68539,0.0020033514209636966
151054,68539,0.0013327388040977539
159332,68539,0.002671658916177609
160176,68539,0.0027228862729983274
168283,68539,0.0013862946711116722
177943,68539,0.0025971464013180936
179882,68539,0.0016959873037210279
18906,68539,0.0009042918555613338
18973,68539,0.00029887767887722003
194952,68539,1.945575775916456e-05
195096,68539,0.001316439189034088
195555,68539,0.0009136059170792826
197024,68539,0.0025761897552551176
199234,68539,0.0024131936259443577
20327,68539,0.00145382163721187
212726,68539,0.0008530644980884072
215024,68539,0.0021034776112168825
21608,68539,0.0016913302720248146
219007,68539,0.002341009625987184
272656,68539,0.00040366090247139804
359120,68539,0.0010579739056261047
3919,68539,4.041240106321728e-05
43896,68539,0.002485377624517373
50353,68539,0.0017751568498771053
55976,68539,0.0009485336543195049
65774,68539,0.001991708837957074
70524,68539,0.0019358244549327827
71072,68539,0.001549290792087287
77138,68539,0.0009811328750797764
79657,68539,0.0015655904058255539
92499,68539,0.0016238033084413166
93480,68539,0.001344381378036331
95829,68539,0.00018245188350291634
98625,68539,0.000422289028599507
98829,68539,0.0024993487212069815
266688,68542,280.1535969033171
101977,70524,7.683341732626499
10168,70889,0.0003974025821478409
101977,70889,0.0010400472370069725
103787,70889,0.0009839618963271997
105834,70889,7.491182703592968e-05
1147,70889,0.0007946738401791273
116940,70889,0.0002431678587722944
122663,70889,0.0001473553953449783
123982,70889,0.002493592614006911
133854,70889,0.006676649190824406
134352,70889,0.007725912789215578
138041,70889,0.001967792443983815
13815,70889,0.0011896081901234278
142002,70889,0.003753199860827374
148421,70889,0.005230114313133354
151054,70889,0.0005165839640874105
159332,70889,0.0018602955196154807
160176,70889,0.0019117070918825791
168283,70889,0.0005703324264145622
171071,70889,0.006662627866198435
177943,70889,0.0017855150560490373
179882,70889,0.0008811387522579643
18906,70889,8.659626979348982e-05
195096,70889,0.0005002257386068953
195541,70889,0.0025800810897805325
195555,70889,9.594382176102473e-05
197024,70889,0.0017644830493877318
199234,70889,0.0016009007677594037
20327,70889,0.0006381022073914829
212726,70889,3.518467853461292e-05
215024,70889,0.0012900944444909845
21565,70889,0.0025403539689324746
21608,70889,0.0008764649753566247
219007,70889,0.0015284571873214268
224237,70889,0.0028511603254525626
285491,70889,0.0030755017589957734
30671,70889,0.006393885518787471
35209,70889,0.005732545666517234
359120,70889,0.0002408309955908919
36914,70889,0.0025239957399778206
38204,70889,0.0032087044945609622
40056,70889,0.004655239384206296
408507,70889,0.004622522923229154
423981,70889,0.004774420772275114
43896,70889,0.0016733443428852738
43899,70889,0.004426224156495478
454065,70889,0.003958846172680642
46260,70889,0.0031806618223590884
50353,70889,0.0009605929931706825
51638,70889,0.007298261923240007
55976,70889,0.0001309971709919892
65774,70889,0.0011779237352468543
68539,70889,0.0021874600599141487
70524,70889,0.0011218383777126428
71072,70889,0.0007339146878813826
73861,70889,0.005669449630185074
77138,70889,0.00016371361859377975
79657,70889,0.0007502729192789165
80163,70889,0.002703936255627646
92499,70889,0.0008086951753523172
93480,70889,0.0005282684009189042
98829,70889,0.0016873656894326667
20327,71072,4.053388993474895
27916,71246,0.8499277201723515
179645,72278,230.38259216399325
10168,73861,0.0009953994208038053
101977,73861,0.0016368802240410742
103787,73861,0.0015808964553221338
105834,73861,0.0006734926955159594
1147,73861,0.0013919511955132649
116940,73861,0.0008414440266737732
122663,73861,0.0007458050649982279
123982,73861,0.0030878165730776177
138041,73861,0.0025629686302518807
13815,73861,0.001786170305430508
142002,73861,0.0043451189879766695
148421,73861,0.005819358537392753
151054,73861,0.0011143649537443368
159332,73861,0.002455642997563413
160176,73861,0.002506961468021754
168283,73861,0.0011680160765052219
177943,73861,0.0023809979614788203
179882,73861,0.0014782595205946572
18906,73861,0.0006851559745040576
18973,73861,7.86650389840933e-05
195096,73861,0.0010980363637545882
195541,73861,0.0031741249000469193
195555,73861,0.0006944866153390733
197024,73861,0.002360004044726522
199234,73861,0.0021967180253622326
20327,73861,0.0012356631454101168
212726,73861,0.0006338375148081972
215024,73861,0.0018864745741719565
21565,73861,0.0031344697278930123
21608,73861,0.001473594206211062
219007,73861,0.0021244056476603934
224237,73861,0.0034447131733209317
272656,73861,0.00018363462028563358
285491,73861,0.003668648300737026
359120,73861,0.0008391113726372432
36914,73861,0.003118141116163517
38204,73861,0.0038016097805472354
40056,73861,0.005245524786921484
408507,73861,0.005212867577338837
423981,73861,0.0053644903120810975
43896,73861,0.0022690304116005553
43899,73861,0.0050169243455358845
454065,73861,0.004550392844681222
46260,73861,0.0037736178810998918
50353,73861,0.0015575698733541604
55976,73861,0.0007294764696959406
65774,73861,0.0017745070130529461
68539,73861,0.0027822384393226245
70524,73861,0.0017185232387536816
71072,73861,0.0013313021010092122
77138,73861,0.0007621336757762834
79657,73861,0.0013476307123568194
80163,73861,0.003297755756558314
92499,73861,0.0014059471310130004
93480,73861,0.0011260282463031429
98625,73861,0.00020229588028335298
98829,73861,0.0022830263462174792
102840,74779,0.019138288592317323
104487,74779,0.02510510973050591
104943,74779,0.03477456146612245
10691,74779,0.19477996363790617
108343,74779,0.02646029831602116
112336,74779,0.022095062072127733
125370,74779,0.20272462719275303
129368,74779,0.03832069104650922
133564,74779,0.1223489985279763
133932,74779,0.17410585572625456
133978,74779,0.04754062854607721
136138,74779,0.18648235227646015
138824,74779,0.15872597114812964
141483,74779,0.03609978097228522
141809,74779,0.20442610383361406
142606,74779,0.19694093767595544
149298,74779,0.1640368428178793
152873,74779,0.10202784117567774
156869,74779,0.0655143500839197
158066,74779,0.15525642496144373
162024,74779,0.03811758014253132
163806,74779,0.19442701545224525
172586,74779,0.01443009276971136
174072,74779,0.1973038763002844
17487,74779,0.02367001069860838
17555,74779,0.19964465539362689
176755,74779,0.1794966413789625
176829,74779,0.09451603750773228
17748,74779,0.016184844660971996
179128,74779,0.0050536598524810825
179645,74779,0.0032489605648241037
188460,74779,0.10721884270869554
190663,74779,0.07281971202236691
192000,74779,0.0707020235071542
19331,74779,0.024392556444086003
200278,74779,0.12785632360657279
200738,74779,0.12131346297412976
206398,74779,0.19496309836466819
21485,74779,0.1955624429743303
218853,74779,0.18745462376685745
22217,74779,0.004743994286897615
228395,74779,0.06023344678456509
233350,74779,0.14321622974464845
235619,74779,0.07754455811946812
238353,74779,0.13843144978561445
241739,74779,0.03436833482587745
242347,74779,0.029413743663118237
243041,74779,0.18905953922623675
247379,74779,0.18047557123639194
25100,74779,0.02224489839355032
254614,74779,0.03542385179286734
258638,74779,0.05595811233710386
258838,74779,0.16309453970843726
266688,74779,0.006169107867921326
281361,74779,0.09679688179713315
283941,74779,0.02796865115889419
29698,74779,0.008886141743700159
304490,74779,0.02857465922982651
306526,74779,0.12913492899970794
307602,74779,0.16757298557253006
309151,74779,0.03330283377518565
313274,74779,0.08924845247460877
320214,74779,0.024788788452661033
322023,74779,0.03800103765908299
326558,74779,0.0043011466851070445
331579,74779,0.08061453779078669
331905,74779,0.025957513123403757
333308,74779,0.14745160778920013
346708,74779,0.18906286717455667
349882,74779,0.16439312146884677
35997,74779,0.028844362984196494
360286,74779,0.19374442875590406
367247,74779,0.1758306416563607
371804,74779,0.029606866014336295
377952,74779,0.2022950965136723
382098,74779,0.014380150222001313
383878,74779,0.022734366743507442
410808,74779,0.1994482016723114
414627,74779,0.14863697982188764
415700,74779,0.04390126821585067
422593,74779,0.053457507670714756
431485,74779,0.014629875791393151
43592,74779,0.004321124491559469
4364,74779,0.19668788236503112
44080,74779,0.022857564390010392
447949,74779,0.18856341237212199
45893,74779,0.1395369107100111
49806,74779,0.02224823238831949
50175,74779,0.008996023785468094
53966,74779,0.16758297326345917
54289,74779,0.010767424226284909
54301,74779,0.20671027784813822
55030,74779,0.019065034116724958
55991,74779,0.04291900733932415
64474,74779,0.028801080286823325
68542,74779,0.007917200040981828
72278,74779,0.0040081317389601585
75309,74779,0.018738724512097096
76460,74779,0.008703008382096443
85461,74779,0.01698397260390013
88029,74779,0.16707019977176055
89961,74779,0.06254092651602071
94792,74779,0.029217288846238938
95800,74779,0.018532283890467637
97309,74779,0.19678111233957551
98269,74779,0.057596324056848794
95800,75309,2617.002688733082
68542,76460,249.2109620096432
51992,76471,0.4999246040972014
102223,77052,0.016201551633344583
102661,77052,0.011330274574744744
106741,77052,0.007311223966009909
126231,77052,0.008254848633052666
133854,77052,0.0020422411651142966
134352,77052,0.0031513707516072037
143704,77052,0.010295251697829298
146005,77052,0.025526638319517205
148421,77052,0.0005131740139196118
171071,77052,0.002027419835693581
181800,77052,0.019496827326583758
194408,77052,0.010774474684733871
201307,77052,0.013862251776669676
222421,77052,0.016008874342684595
23148,77052,0.03381423202241344
248489,77052,0.020186019174468335
284994,77052,0.02513634334493918
294416,77052,0.011900895766077725
302219,77052,0.015700096616496857
30671,77052,0.0017433443829503838
310224,77052,0.020976490098461302
331689,77052,0.01968209398890309
35209,77052,0.0010442716749471254
377620,77052,0.006552865921239685
38599,77052,0.014761412429795777
38908,77052,0.034076075361182394
397799,77052,0.024459502583856717
423981,77052,3.1480799065455314e-05
43597,77052,0.01445016449421979
44644,77052,0.03360426307614144
51638,77052,0.0026993202092368443
66002,77052,0.005678407515399089
70889,77052,0.0047520743505061434
73861,77052,0.000977575764796118
122663,77138,2.945755503150996
71072,79657,2.4010804990676653
195541,80163,32.17392859862345
31961,85090,1.6821470950526392
17748,85461,151.177808212538
422010,86932,0.9546440961753689
349882,88029,648.3069679289702
35207,8897,0.16793459818021939
228395,89961,549.9087587630713
1147,92499,3.8759100769361923
151054,93480,0.2074960924131468
35997,94792,981.7381904709886
85461,95800,274.99195946700513
10091,95829,0.00037301640639451363
118814,95829,0.0013134946533916942
11992,95829,0.0004940680621152039
126878,95829,0.00115286841548872
130153,95829,0.0009806026000334126
14333,95829,0.00041957473282323274
153003,95829,0.0010760471717750823
158065,95829,0.0013134946533916942
166476,95829,0.0004219026465635213
169031,95829,0.00045682139601139837
186030,95829,0.0010620796740003688
191510,95829,0.0009782746834423972
194952,95829,0.001816324607703106
19860,95829,0.0007641063667036984
212866,95829,0.0010783750890178373
214025,95829,0.0010178492634986623
239203,95829,0.001420578810499422
24410,95829,0.0010783750890178373
27916,95829,0.0005080355581430858
31961,95829,0.0014741208880534441
337558,95829,0.0010783750890178373
34148,95829,0.000352065155183632
35207,95829,0.00033344182588103193
3919,95829,0.0018372758550354324
408157,95829,0.0012390013262031738
422010,95829,0.0007897134519431658
42311,95829,0.0006896130407015712
45431,95829,0.00039629556844814263
4798,95829,0.0007431551183241604
4804,95829,0.0013716925628754692
50322,95829,0.0003148184915322123
51992,95829,0.00032413015639085025
52293,95829,0.0005732172192248566
531,95829,0.0002682601646403714
71246,95829,0.0005685613831816304
76471,95829,0.00032878599195891584
85090,95829,0.0015439583807083362
86932,95829,0.0008944696901236485
8897,95829,0.00034740932480944466
102840,97309,0.03223536538597075
104487,97309,0.039493865576571946
104943,97309,0.05125655233803494
10691,97309,0.24589956583046982
108343,97309,0.041142435334114415
112336,97309,0.03583222223243479
129368,97309,0.05557032410304608
133564,97309,0.1577889139199686
133932,97309,0.22074997499257867
133978,97309,0.06678617932283183
136138,97309,0.23580571132214193
138824,97309,0.20204069253600543
141483,97309,0.05286863814151106
149298,97309,0.20850124555019073
152873,97309,0.1330686735394224
156869,97309,0.08865081618487068
158066,97309,0.19782006262226143
162024,97309,0.055323255064765424
163524,97309,0.0004672528089451576
163806,97309,0.2454702104222274
166498,97309,0.0033269158008198416
172586,97309,0.02650794890614822
17487,97309,0.03774809728217855
176755,97309,0.22730774358184497
176829,97309,0.12393072723785599
17748,97309,0.028642575411271517
177678,97309,0.004371936653666221
179128,97309,0.015101734601367914
179645,97309,0.012906344674062877
188460,97309,0.1393834057325692
190663,97309,0.09753762825771448
192000,97309,0.09496150531896444
19331,97309,0.03862707665427622
200278,97309,0.16448844703865845
200738,97309,0.1565292009341735
206398,97309,0.2461223459260949
21485,97309,0.24685143508373222
218853,97309,0.2369884559007386
22217,97309,0.014725045866087243
228395,97309,0.08222672107471014
233350,97309,0.18317343019402937
235619,97309,0.1032852888431427
238353,97309,0.17735285200030898
241739,97309,0.050762381465676264
242347,97309,0.04473522513200678
243041,97309,0.23894079602416657
247379,97309,0.2284985950519488
248083,97309,0.006024533129391433
248112,97309,0.008491299220122648
25100,97309,0.036014481060244616
254614,97309,0.05204639321880931
258638,97309,0.07702586215532903
258838,97309,0.20735495142777238
266688,97309,0.016458642217121157
281361,97309,0.12670532713499694
283941,97309,0.04297732076730821
29698,97309,0.019763854158233944
304490,97309,0.04371449528885831
306526,97309,0.16604383699332922
307602,97309,0.21280287893055905
309151,97309,0.049466214879282405
313274,97309,0.11752282506777958
320214,97309,0.03910907847307466
322023,97309,0.055181495874469515
326558,97309,0.014186305850601615
331579,97309,0.10701986675545966
331905,97309,0.040530809297978206
333308,97309,0.18832568244232853
346708,97309,0.23894485181740005
349882,97309,0.2089346489123796
35997,97309,0.04404258594707848
360286,97309,0.244639860365677
367247,97309,0.22284813999403782
367891,97309,0.005530374387504376
371804,97309,0.04497015432209328
3724,97309,0.005206337098497543
382098,97309,0.02644718914032004
383878,97309,0.03660990178128079
414627,97309,0.1897676536928096
415700,97309,0.06235897842034107
422593,97309,0.07398394019402241
431485,97309,0.026750991184626864
43592,97309,0.014210613244221338
4364,97309,0.2482205139653206
44080,97309,0.0367597849768303
443087,97309,0.005866574669564401
447949,97309,0.2383372783672188
45893,97309,0.1786976124315536
49806,97309,0.03601854794452152
50175,97309,0.01989752060857968
53966,97309,0.21281503437086852
54289,97309,0.022052391927508595
55030,97309,0.03214624856360927
55991,97309,0.06116408032273846
64474,97309,0.04398993596187019
68542,97309,0.01858516932365402
72278,97309,0.013829872977360621
75309,97309,0.03174930716167586
76460,97309,0.01954108697196054
85461,97309,0.029614694589448834
88029,97309,0.2121912582221731
89961,97309,0.0850337170944256
94792,97309,0.044496251237362935
95800,97309,0.03149818180026259
98269,97309,0.07901871485255539
258638,98269,385.387849176576
272656,98625,0.9353639368384415
43896,98829,0.1671493670533154
