k,precision_directed,precision_undirected
1,0.0,0.0
2,0.0,0.0
3,0.0,0.0
4,0.0,0.0
5,0.0,0.0
6,0.0,0.0
7,0.0,0.0
8,0.0,0.0
9,0.0,0.0
10,0.0,0.0
11,0.0,0.0
12,0.08333333333333333,0.08333333333333333
13,0.07692307692307693,0.07692307692307693
14,0.07142857142857142,0.07142857142857142
15,0.06666666666666667,0.06666666666666667
16,0.0625,0.0625
17,0.058823529411764705,0.058823529411764705
18,0.05555555555555555,0.05555555555555555
19,0.05263157894736842,0.05263157894736842
20,0.05,0.05
21,0.047619047619047616,0.047619047619047616
22,0.045454545454545456,0.045454545454545456
23,0.043478260869565216,0.043478260869565216
24,0.041666666666666664,0.041666666666666664
25,0.04,0.04
26,0.038461538461538464,0.038461538461538464
27,0.037037037037037035,0.037037037037037035
28,0.03571428571428571,0.03571428571428571
29,0.034482758620689655,0.034482758620689655
30,0.03333333333333333,0.03333333333333333
31,0.03225806451612903,0.03225806451612903
32,0.03125,0.03125
33,0.030303030303030304,0.030303030303030304
34,0.029411764705882353,0.029411764705882353
35,0.02857142857142857,0.02857142857142857
36,0.027777777777777776,0.027777777777777776
37,0.02702702702702703,0.02702702702702703
38,0.02631578947368421,0.02631578947368421
39,0.02564102564102564,0.02564102564102564
40,0.025,0.025
41,0.024390243902439025,0.024390243902439025
42,0.023809523809523808,0.023809523809523808
43,0.023255813953488372,0.023255813953488372
44,0.022727272727272728,0.022727272727272728
45,0.022222222222222223,0.022222222222222223
46,0.021739130434782608,0.021739130434782608
47,0.02127659574468085,0.02127659574468085
48,0.041666666666666664,0.041666666666666664
49,0.061224489795918366,0.061224489795918366
50,0.08,0.08
51,0.0784313725490196,0.0784313725490196
52,0.07692307692307693,0.07692307692307693
53,0.07547169811320754,0.07547169811320754
54,0.07407407407407407,0.07407407407407407
55,0.07272727272727272,0.07272727272727272
56,0.07142857142857142,0.07142857142857142
57,0.07017543859649122,0.07017543859649122
58,0.06896551724137931,0.06896551724137931
59,0.06779661016949153,0.06779661016949153
60,0.06666666666666667,0.06666666666666667
61,0.06557377049180328,0.06557377049180328
62,0.06451612903225806,0.06451612903225806
63,0.06349206349206349,0.06349206349206349
64,0.0625,0.0625
65,0.06153846153846154,0.06153846153846154
66,0.06060606060606061,0.06060606060606061
67,0.05970149253731343,0.05970149253731343
68,0.058823529411764705,0.058823529411764705
69,0.057971014492753624,0.057971014492753624
70,0.05714285714285714,0.05714285714285714
71,0.056338028169014086,0.056338028169014086
72,0.05555555555555555,0.05555555555555555
73,0.0547945205479452,0.0547945205479452
74,0.05405405405405406,0.05405405405405406
75,0.05333333333333334,0.05333333333333334
76,0.05263157894736842,0.05263157894736842
77,0.05194805194805195,0.05194805194805195
78,0.05128205128205128,0.05128205128205128
79,0.05063291139240506,0.05063291139240506
80,0.05,0.05
81,0.04938271604938271,0.04938271604938271
82,0.04878048780487805,0.04878048780487805
83,0.04819277108433735,0.04819277108433735
84,0.047619047619047616,0.047619047619047616
85,0.047058823529411764,0.047058823529411764
86,0.046511627906976744,0.046511627906976744
87,0.04597701149425287,0.04597701149425287
88,0.045454545454545456,0.045454545454545456
89,0.0449438202247191,0.0449438202247191
90,0.044444444444444446,0.044444444444444446
91,0.04395604395604396,0.04395604395604396
92,0.043478260869565216,0.043478260869565216
93,0.043010752688172046,0.043010752688172046
94,0.0425531914893617,0.0425531914893617
95,0.042105263157894736,0.042105263157894736
96,0.041666666666666664,0.041666666666666664
97,0.041237113402061855,0.041237113402061855
98,0.04081632653061224,0.04081632653061224
99,0.04040404040404041,0.04040404040404041
100,0.04,0.04
101,0.039603960396039604,0.039603960396039604
102,0.0392156862745098,0.0392156862745098
103,0.038834951456310676,0.038834951456310676
104,0.038461538461538464,0.038461538461538464
105,0.0380952380952381,0.0380952380952381
106,0.03773584905660377,0.03773584905660377
107,0.037383177570093455,0.037383177570093455
108,0.037037037037037035,0.037037037037037035
109,0.03669724770642202,0.03669724770642202
110,0.03636363636363636,0.03636363636363636
111,0.036036036036036036,0.036036036036036036
112,0.03571428571428571,0.03571428571428571
113,0.035398230088495575,0.035398230088495575
114,0.03508771929824561,0.03508771929824561
115,0.034782608695652174,0.034782608695652174
116,0.034482758620689655,0.034482758620689655
117,0.03418803418803419,0.03418803418803419
118,0.03389830508474576,0.03389830508474576
119,0.03361344537815126,0.03361344537815126
120,0.03333333333333333,0.03333333333333333
121,0.03305785123966942,0.03305785123966942
122,0.03278688524590164,0.03278688524590164
123,0.032520325203252036,0.032520325203252036
124,0.03225806451612903,0.03225806451612903
125,0.032,0.032
126,0.031746031746031744,0.031746031746031744
127,0.03937007874015748,0.03937007874015748
128,0.0390625,0.0390625
129,0.03875968992248062,0.03875968992248062
130,0.038461538461538464,0.038461538461538464
131,0.03816793893129771,0.03816793893129771
132,0.03787878787878788,0.03787878787878788
133,0.03759398496240601,0.03759398496240601
134,0.03731343283582089,0.03731343283582089
135,0.037037037037037035,0.037037037037037035
136,0.03676470588235294,0.03676470588235294
137,0.0364963503649635,0.0364963503649635
138,0.036231884057971016,0.036231884057971016
139,0.03597122302158273,0.03597122302158273
140,0.03571428571428571,0.03571428571428571
141,0.03546099290780142,0.03546099290780142
142,0.035211267605633804,0.035211267605633804
143,0.03496503496503497,0.03496503496503497
144,0.034722222222222224,0.034722222222222224
145,0.034482758620689655,0.034482758620689655
146,0.03424657534246575,0.03424657534246575
147,0.034013605442176874,0.034013605442176874
148,0.033783783783783786,0.033783783783783786
149,0.03355704697986577,0.03355704697986577
150,0.03333333333333333,0.03333333333333333
151,0.033112582781456956,0.033112582781456956
152,0.03289473684210526,0.03289473684210526
153,0.032679738562091505,0.032679738562091505
154,0.032467532467532464,0.032467532467532464
155,0.03225806451612903,0.03225806451612903
156,0.03205128205128205,0.03205128205128205
157,0.03184713375796178,0.03184713375796178
158,0.03164556962025317,0.03164556962025317
159,0.031446540880503145,0.031446540880503145
160,0.03125,0.03125
161,0.031055900621118012,0.031055900621118012
162,0.030864197530864196,0.030864197530864196
163,0.03067484662576687,0.03067484662576687
164,0.03048780487804878,0.03048780487804878
165,0.030303030303030304,0.030303030303030304
166,0.030120481927710843,0.030120481927710843
167,0.029940119760479042,0.029940119760479042
168,0.02976190476190476,0.02976190476190476
169,0.029585798816568046,0.029585798816568046
170,0.029411764705882353,0.029411764705882353
171,0.029239766081871343,0.029239766081871343
172,0.029069767441860465,0.029069767441860465
173,0.028901734104046242,0.028901734104046242
174,0.028735632183908046,0.028735632183908046
175,0.02857142857142857,0.02857142857142857
176,0.028409090909090908,0.028409090909090908
177,0.02824858757062147,0.02824858757062147
178,0.028089887640449437,0.028089887640449437
179,0.027932960893854747,0.027932960893854747
180,0.027777777777777776,0.027777777777777776
181,0.027624309392265192,0.027624309392265192
182,0.027472527472527472,0.027472527472527472
183,0.0273224043715847,0.0273224043715847
184,0.02717391304347826,0.02717391304347826
185,0.02702702702702703,0.02702702702702703
186,0.026881720430107527,0.026881720430107527
187,0.026737967914438502,0.026737967914438502
188,0.026595744680851064,0.026595744680851064
189,0.026455026455026454,0.026455026455026454
190,0.02631578947368421,0.02631578947368421
191,0.02617801047120419,0.02617801047120419
192,0.026041666666666668,0.026041666666666668
193,0.025906735751295335,0.025906735751295335
194,0.02577319587628866,0.02577319587628866
195,0.02564102564102564,0.02564102564102564
196,0.025510204081632654,0.025510204081632654
197,0.025380710659898477,0.025380710659898477
198,0.025252525252525252,0.025252525252525252
199,0.02512562814070352,0.02512562814070352
200,0.025,0.025
201,0.024875621890547265,0.024875621890547265
202,0.024752475247524754,0.024752475247524754
203,0.024630541871921183,0.024630541871921183
204,0.024509803921568627,0.024509803921568627
205,0.024390243902439025,0.024390243902439025
206,0.024271844660194174,0.024271844660194174
207,0.024154589371980676,0.024154589371980676
208,0.02403846153846154,0.02403846153846154
209,0.023923444976076555,0.023923444976076555
210,0.023809523809523808,0.023809523809523808
211,0.023696682464454975,0.023696682464454975
212,0.02358490566037736,0.02358490566037736
213,0.023474178403755867,0.023474178403755867
214,0.02336448598130841,0.02336448598130841
215,0.023255813953488372,0.023255813953488372
216,0.023148148148148147,0.023148148148148147
217,0.02304147465437788,0.02304147465437788
218,0.022935779816513763,0.022935779816513763
219,0.0228310502283105,0.0228310502283105
220,0.022727272727272728,0.022727272727272728
221,0.02262443438914027,0.02262443438914027
222,0.02252252252252252,0.02252252252252252
223,0.02242152466367713,0.02242152466367713
224,0.022321428571428572,0.022321428571428572
225,0.022222222222222223,0.022222222222222223
226,0.022123893805309734,0.022123893805309734
227,0.022026431718061675,0.022026431718061675
228,0.021929824561403508,0.021929824561403508
229,0.021834061135371178,0.021834061135371178
230,0.021739130434782608,0.021739130434782608
231,0.021645021645021644,0.021645021645021644
232,0.021551724137931036,0.021551724137931036
233,0.02575107296137339,0.02575107296137339
234,0.02564102564102564,0.02564102564102564
235,0.029787234042553193,0.029787234042553193
236,0.029661016949152543,0.029661016949152543
237,0.029535864978902954,0.029535864978902954
238,0.029411764705882353,0.029411764705882353
239,0.029288702928870293,0.029288702928870293
240,0.029166666666666667,0.029166666666666667
241,0.029045643153526972,0.029045643153526972
242,0.028925619834710745,0.028925619834710745
243,0.02880658436213992,0.02880658436213992
244,0.028688524590163935,0.028688524590163935
245,0.02857142857142857,0.02857142857142857
246,0.028455284552845527,0.028455284552845527
247,0.02834008097165992,0.02834008097165992
248,0.028225806451612902,0.028225806451612902
249,0.028112449799196786,0.028112449799196786
250,0.028,0.028
251,0.027888446215139442,0.027888446215139442
252,0.027777777777777776,0.027777777777777776
253,0.03162055335968379,0.03162055335968379
254,0.031496062992125984,0.031496062992125984
255,0.03137254901960784,0.03137254901960784
256,0.03125,0.03125
257,0.0311284046692607,0.0311284046692607
258,0.031007751937984496,0.031007751937984496
259,0.03088803088803089,0.03088803088803089
260,0.03076923076923077,0.03076923076923077
261,0.03065134099616858,0.03065134099616858
262,0.030534351145038167,0.030534351145038167
263,0.030418250950570342,0.030418250950570342
264,0.030303030303030304,0.030303030303030304
265,0.03018867924528302,0.03018867924528302
266,0.03007518796992481,0.03007518796992481
267,0.0299625468164794,0.0299625468164794
268,0.029850746268656716,0.029850746268656716
269,0.02973977695167286,0.02973977695167286
270,0.02962962962962963,0.02962962962962963
271,0.02952029520295203,0.02952029520295203
272,0.029411764705882353,0.029411764705882353
273,0.029304029304029304,0.029304029304029304
274,0.029197080291970802,0.029197080291970802
275,0.02909090909090909,0.02909090909090909
276,0.028985507246376812,0.028985507246376812
277,0.02888086642599278,0.02888086642599278
278,0.02877697841726619,0.02877697841726619
279,0.02867383512544803,0.02867383512544803
280,0.02857142857142857,0.02857142857142857
281,0.028469750889679714,0.028469750889679714
282,0.028368794326241134,0.028368794326241134
283,0.028268551236749116,0.028268551236749116
284,0.028169014084507043,0.028169014084507043
285,0.028070175438596492,0.028070175438596492
286,0.027972027972027972,0.027972027972027972
287,0.027874564459930314,0.027874564459930314
288,0.027777777777777776,0.027777777777777776
289,0.02768166089965398,0.02768166089965398
290,0.03103448275862069,0.03103448275862069
291,0.030927835051546393,0.030927835051546393
292,0.030821917808219176,0.030821917808219176
293,0.030716723549488054,0.030716723549488054
294,0.030612244897959183,0.030612244897959183
295,0.030508474576271188,0.030508474576271188
296,0.030405405405405407,0.030405405405405407
297,0.030303030303030304,0.030303030303030304
298,0.030201342281879196,0.030201342281879196
299,0.030100334448160536,0.030100334448160536
300,0.03,0.03
301,0.029900332225913623,0.029900332225913623
302,0.029801324503311258,0.029801324503311258
303,0.0297029702970297,0.0297029702970297
304,0.029605263157894735,0.029605263157894735
305,0.03278688524590164,0.03278688524590164
306,0.032679738562091505,0.032679738562091505
307,0.03257328990228013,0.03257328990228013
308,0.032467532467532464,0.032467532467532464
309,0.032362459546925564,0.032362459546925564
310,0.03225806451612903,0.03225806451612903
311,0.03215434083601286,0.03215434083601286
312,0.03205128205128205,0.03205128205128205
313,0.03194888178913738,0.03194888178913738
314,0.03184713375796178,0.03184713375796178
315,0.031746031746031744,0.031746031746031744
316,0.03164556962025317,0.03164556962025317
317,0.031545741324921134,0.031545741324921134
318,0.031446540880503145,0.031446540880503145
319,0.03134796238244514,0.03134796238244514
320,0.03125,0.03125
321,0.03115264797507788,0.03115264797507788
322,0.031055900621118012,0.031055900621118012
323,0.030959752321981424,0.030959752321981424
324,0.030864197530864196,0.030864197530864196
325,0.03076923076923077,0.03076923076923077
326,0.03374233128834356,0.03374233128834356
327,0.03363914373088685,0.03363914373088685
328,0.03353658536585366,0.03353658536585366
329,0.0364741641337386,0.0364741641337386
330,0.03636363636363636,0.03636363636363636
331,0.03625377643504532,0.03625377643504532
332,0.03614457831325301,0.03614457831325301
333,0.036036036036036036,0.036036036036036036
334,0.03592814371257485,0.03592814371257485
335,0.03582089552238806,0.03582089552238806
336,0.03571428571428571,0.03571428571428571
337,0.03560830860534125,0.03560830860534125
338,0.03550295857988166,0.03550295857988166
339,0.035398230088495575,0.035398230088495575
340,0.03529411764705882,0.03529411764705882
341,0.03519061583577713,0.03519061583577713
342,0.03508771929824561,0.03508771929824561
343,0.03498542274052478,0.03498542274052478
344,0.03488372093023256,0.03488372093023256
345,0.034782608695652174,0.034782608695652174
346,0.03468208092485549,0.03468208092485549
347,0.0345821325648415,0.0345821325648415
348,0.034482758620689655,0.034482758620689655
349,0.034383954154727794,0.034383954154727794
350,0.03428571428571429,0.03428571428571429
351,0.03418803418803419,0.03418803418803419
352,0.03409090909090909,0.03409090909090909
353,0.0339943342776204,0.0339943342776204
354,0.03389830508474576,0.03389830508474576
355,0.03380281690140845,0.03380281690140845
356,0.033707865168539325,0.033707865168539325
357,0.03361344537815126,0.03361344537815126
358,0.0335195530726257,0.0335195530726257
359,0.033426183844011144,0.036211699164345405
360,0.03333333333333333,0.03611111111111111
361,0.0332409972299169,0.036011080332409975
362,0.03314917127071823,0.03591160220994475
363,0.03305785123966942,0.03581267217630854
364,0.03296703296703297,0.03571428571428571
365,0.03287671232876712,0.03561643835616438
366,0.03278688524590164,0.03551912568306011
367,0.0326975476839237,0.035422343324250684
368,0.03260869565217391,0.035326086956521736
369,0.032520325203252036,0.03523035230352303
370,0.032432432432432434,0.03513513513513514
371,0.03234501347708895,0.03504043126684636
372,0.03225806451612903,0.03494623655913978
373,0.032171581769437,0.03485254691689008
374,0.03208556149732621,0.034759358288770054
375,0.034666666666666665,0.037333333333333336
376,0.034574468085106384,0.03723404255319149
377,0.034482758620689655,0.03713527851458886
378,0.03439153439153439,0.037037037037037035
379,0.03430079155672823,0.036939313984168866
380,0.034210526315789476,0.03684210526315789
381,0.03412073490813648,0.03674540682414698
382,0.034031413612565446,0.03664921465968586
383,0.033942558746736295,0.03655352480417755
384,0.033854166666666664,0.036458333333333336
385,0.033766233766233764,0.03636363636363636
386,0.03367875647668394,0.03626943005181347
387,0.03359173126614987,0.03617571059431524
388,0.03350515463917526,0.03608247422680412
389,0.033419023136246784,0.03598971722365039
390,0.03333333333333333,0.035897435897435895
391,0.03324808184143223,0.03580562659846547
392,0.03316326530612245,0.03571428571428571
393,0.03307888040712468,0.035623409669211195
394,0.03553299492385787,0.03807106598984772
395,0.035443037974683546,0.0379746835443038
396,0.03535353535353535,0.03787878787878788
397,0.03526448362720403,0.037783375314861464
398,0.035175879396984924,0.03768844221105527
399,0.03508771929824561,0.03759398496240601
400,0.035,0.0375
401,0.034912718204488775,0.03740648379052369
402,0.03482587064676617,0.03731343283582089
403,0.034739454094292806,0.03722084367245657
404,0.034653465346534656,0.03712871287128713
405,0.0345679012345679,0.037037037037037035
406,0.034482758620689655,0.03694581280788178
407,0.0343980343980344,0.036855036855036855
408,0.03431372549019608,0.03676470588235294
409,0.034229828850855744,0.03667481662591687
410,0.03414634146341464,0.036585365853658534
411,0.0364963503649635,0.038929440389294405
412,0.03640776699029126,0.038834951456310676
413,0.03631961259079903,0.0387409200968523
414,0.036231884057971016,0.03864734299516908
415,0.03614457831325301,0.03855421686746988
416,0.036057692307692304,0.038461538461538464
417,0.03597122302158273,0.03836930455635491
418,0.03588516746411483,0.03827751196172249
419,0.03579952267303103,0.03818615751789976
420,0.03571428571428571,0.0380952380952381
421,0.035629453681710214,0.03800475059382423
422,0.035545023696682464,0.037914691943127965
423,0.03546099290780142,0.037825059101654845
424,0.03537735849056604,0.03773584905660377
425,0.03529411764705882,0.03764705882352941
426,0.035211267605633804,0.03755868544600939
427,0.0351288056206089,0.03747072599531616
428,0.035046728971962614,0.037383177570093455
429,0.03496503496503497,0.037296037296037296
430,0.03488372093023256,0.037209302325581395
431,0.03480278422273782,0.037122969837587005
432,0.034722222222222224,0.037037037037037035
433,0.03464203233256351,0.03695150115473441
434,0.03456221198156682,0.03686635944700461
435,0.034482758620689655,0.0367816091954023
436,0.034403669724770644,0.03669724770642202
437,0.034324942791762014,0.036613272311212815
438,0.03424657534246575,0.0365296803652968
439,0.03416856492027335,0.03644646924829157
440,0.03409090909090909,0.03636363636363636
441,0.034013605442176874,0.036281179138321996
442,0.033936651583710405,0.03619909502262444
443,0.033860045146726865,0.03611738148984198
444,0.033783783783783786,0.036036036036036036
445,0.033707865168539325,0.035955056179775284
446,0.033632286995515695,0.03587443946188341
447,0.03355704697986577,0.035794183445190156
448,0.033482142857142856,0.03571428571428571
449,0.0334075723830735,0.035634743875278395
450,0.03333333333333333,0.035555555555555556
451,0.03547671840354767,0.037694013303769404
452,0.035398230088495575,0.03761061946902655
453,0.03532008830022075,0.037527593818984545
454,0.03524229074889868,0.037444933920704845
455,0.035164835164835165,0.03736263736263736
456,0.03508771929824561,0.03728070175438596
457,0.0350109409190372,0.037199124726477024
458,0.034934497816593885,0.03711790393013101
459,0.034858387799564274,0.037037037037037035
460,0.034782608695652174,0.03695652173913044
461,0.03470715835140998,0.0368763557483731
462,0.03463203463203463,0.0367965367965368
463,0.03455723542116631,0.0367170626349892
464,0.034482758620689655,0.036637931034482756
465,0.034408602150537634,0.03655913978494624
466,0.03648068669527897,0.03862660944206009
467,0.03854389721627409,0.04068522483940043
468,0.0405982905982906,0.042735042735042736
469,0.04051172707889126,0.042643923240938165
470,0.04042553191489362,0.0425531914893617
471,0.040339702760084924,0.04246284501061571
472,0.04025423728813559,0.0423728813559322
473,0.040169133192389,0.042283298097251586
474,0.04008438818565401,0.04219409282700422
475,0.04,0.042105263157894736
476,0.03991596638655462,0.04201680672268908
477,0.039832285115303984,0.041928721174004195
478,0.0397489539748954,0.04184100418410042
479,0.03966597077244259,0.04175365344467641
480,0.03958333333333333,0.041666666666666664
481,0.0395010395010395,0.04158004158004158
482,0.03941908713692946,0.04149377593360996
483,0.039337474120082816,0.041407867494824016
484,0.03925619834710744,0.04132231404958678
485,0.041237113402061855,0.04329896907216495
486,0.0411522633744856,0.043209876543209874
487,0.04106776180698152,0.043121149897330596
488,0.040983606557377046,0.0430327868852459
489,0.0408997955010225,0.04294478527607362
490,0.04081632653061224,0.04285714285714286
491,0.04073319755600815,0.04276985743380855
492,0.04065040650406504,0.042682926829268296
493,0.04056795131845842,0.04259634888438134
494,0.04048582995951417,0.04251012145748988
495,0.04040404040404041,0.04242424242424243
496,0.04032258064516129,0.04233870967741935
497,0.04225352112676056,0.04426559356136821
498,0.04216867469879518,0.04417670682730924
499,0.04208416833667335,0.04408817635270541
500,0.042,0.044
501,0.041916167664670656,0.043912175648702596
502,0.04183266932270916,0.043824701195219126
503,0.041749502982107355,0.0437375745526839
504,0.041666666666666664,0.04365079365079365
505,0.041584158415841586,0.04356435643564356
506,0.041501976284584984,0.043478260869565216
507,0.04142011834319527,0.04339250493096647
508,0.04133858267716536,0.04330708661417323
509,0.0412573673870334,0.043222003929273084
510,0.041176470588235294,0.043137254901960784
511,0.0410958904109589,0.043052837573385516
512,0.041015625,0.04296875
513,0.04093567251461988,0.042884990253411304
514,0.04085603112840467,0.042801556420233464
515,0.040776699029126215,0.04271844660194175
516,0.040697674418604654,0.04263565891472868
517,0.04061895551257253,0.0425531914893617
518,0.04247104247104247,0.0444015444015444
519,0.04238921001926782,0.04431599229287091
520,0.04230769230769231,0.04423076923076923
521,0.04222648752399232,0.044145873320537425
522,0.0421455938697318,0.044061302681992334
523,0.04206500956022945,0.04397705544933078
524,0.04198473282442748,0.04389312977099236
525,0.0419047619047619,0.04380952380952381
526,0.04182509505703422,0.043726235741444866
527,0.04174573055028463,0.04364326375711575
528,0.041666666666666664,0.043560606060606064
529,0.04158790170132325,0.043478260869565216
530,0.04150943396226415,0.04339622641509434
531,0.04143126177024482,0.04331450094161959
532,0.041353383458646614,0.043233082706766915
533,0.04127579737335835,0.043151969981238276
534,0.04119850187265917,0.04307116104868914
535,0.041121495327102804,0.04299065420560748
536,0.041044776119402986,0.04291044776119403
537,0.040968342644320296,0.04283054003724395
538,0.040892193308550186,0.04275092936802974
539,0.04081632653061224,0.04267161410018553
540,0.040740740740740744,0.04259259259259259
541,0.04066543438077634,0.04251386321626617
542,0.04059040590405904,0.042435424354243544
543,0.040515653775322284,0.0423572744014733
544,0.04044117647058824,0.042279411764705885
545,0.04036697247706422,0.04220183486238532
546,0.04212454212454213,0.04395604395604396
547,0.04204753199268738,0.043875685557586835
548,0.041970802919708027,0.043795620437956206
549,0.04371584699453552,0.04553734061930783
550,0.04363636363636364,0.045454545454545456
551,0.043557168784029036,0.045372050816696916
552,0.043478260869565216,0.04528985507246377
553,0.0433996383363472,0.045207956600361664
554,0.04332129963898917,0.04512635379061372
555,0.043243243243243246,0.04504504504504504
556,0.04316546762589928,0.044964028776978415
557,0.04308797127468582,0.04488330341113106
558,0.043010752688172046,0.044802867383512544
559,0.04293381037567084,0.044722719141323794
560,0.04285714285714286,0.044642857142857144
561,0.0427807486631016,0.044563279857397504
562,0.042704626334519574,0.04448398576512456
563,0.04262877442273535,0.04440497335701599
564,0.0425531914893617,0.044326241134751775
565,0.04247787610619469,0.04424778761061947
566,0.04240282685512368,0.044169611307420496
567,0.042328042328042326,0.04409171075837742
568,0.04225352112676056,0.04401408450704225
569,0.0421792618629174,0.043936731107205626
570,0.042105263157894736,0.043859649122807015
571,0.04203152364273205,0.043782837127845885
572,0.04195804195804196,0.043706293706293704
573,0.041884816753926704,0.04363001745200698
574,0.041811846689895474,0.04355400696864112
575,0.04173913043478261,0.043478260869565216
576,0.041666666666666664,0.043402777777777776
577,0.0415944540727903,0.043327556325823226
578,0.04152249134948097,0.04325259515570934
579,0.04145077720207254,0.04317789291882556
580,0.041379310344827586,0.04310344827586207
581,0.04130808950086059,0.043029259896729774
582,0.041237113402061855,0.0429553264604811
583,0.0411663807890223,0.04288164665523156
584,0.0410958904109589,0.04280821917808219
585,0.041025641025641026,0.042735042735042736
586,0.040955631399317405,0.042662116040955635
587,0.04088586030664395,0.04258943781942078
588,0.04081632653061224,0.04251700680272109
589,0.04074702886247878,0.042444821731748725
590,0.04067796610169491,0.0423728813559322
591,0.04060913705583756,0.04230118443316413
592,0.04054054054054054,0.04222972972972973
593,0.04047217537942664,0.04215851602023609
594,0.04040404040404041,0.04208754208754209
595,0.040336134453781515,0.04201680672268908
596,0.040268456375838924,0.04194630872483222
597,0.04020100502512563,0.04187604690117253
598,0.04013377926421405,0.04180602006688963
599,0.04006677796327212,0.041736227045075125
600,0.04,0.041666666666666664
601,0.03993344425956739,0.04159733777038269
602,0.03986710963455149,0.04152823920265781
603,0.03980099502487562,0.04145936981757877
604,0.039735099337748346,0.041390728476821195
605,0.03966942148760331,0.04132231404958678
606,0.039603960396039604,0.041254125412541254
607,0.039538714991762765,0.04118616144975288
608,0.039473684210526314,0.04111842105263158
609,0.03940886699507389,0.041050903119868636
610,0.03934426229508197,0.040983606557377046
611,0.03927986906710311,0.04091653027823241
612,0.0392156862745098,0.04084967320261438
613,0.03915171288743882,0.040783034257748776
614,0.03908794788273615,0.04071661237785016
615,0.03902439024390244,0.04065040650406504
616,0.03896103896103896,0.040584415584415584
617,0.03889789303079417,0.04051863857374392
618,0.038834951456310676,0.040453074433656956
619,0.03877221324717286,0.04038772213247173
620,0.03870967741935484,0.04032258064516129
621,0.03864734299516908,0.040257648953301126
622,0.03858520900321544,0.04019292604501608
623,0.038523274478330656,0.04012841091492777
624,0.038461538461538464,0.04006410256410257
625,0.0384,0.04
626,0.038338658146964855,0.039936102236421724
627,0.03827751196172249,0.03987240829346093
628,0.03821656050955414,0.03980891719745223
629,0.03815580286168521,0.0397456279809221
630,0.0380952380952381,0.03968253968253968
631,0.03803486529318542,0.039619651347068144
632,0.0379746835443038,0.03955696202531646
633,0.037914691943127965,0.03949447077409163
634,0.03785488958990536,0.03943217665615142
635,0.03779527559055118,0.03937007874015748
636,0.03773584905660377,0.03930817610062893
637,0.03767660910518053,0.03924646781789639
638,0.03918495297805643,0.04075235109717868
639,0.03912363067292645,0.0406885758998435
640,0.0390625,0.040625
641,0.0390015600624025,0.0405616224648986
642,0.03894080996884735,0.040498442367601244
643,0.038880248833592534,0.04043545878693624
644,0.03881987577639751,0.040372670807453416
645,0.03875968992248062,0.040310077519379844
646,0.03869969040247678,0.04024767801857585
647,0.03863987635239567,0.0401854714064915
648,0.038580246913580245,0.040123456790123455
649,0.03852080123266564,0.040061633281972264
650,0.038461538461538464,0.04
651,0.03840245775729647,0.039938556067588324
652,0.03834355828220859,0.03987730061349693
653,0.03828483920367534,0.039816232771822356
654,0.0382262996941896,0.039755351681957186
655,0.03816793893129771,0.03969465648854962
656,0.038109756097560975,0.039634146341463415
657,0.0380517503805175,0.0395738203957382
658,0.037993920972644375,0.03951367781155015
659,0.03793626707132018,0.03945371775417299
660,0.03787878787878788,0.03939393939393939
661,0.037821482602118005,0.039334341906202726
662,0.0377643504531722,0.03927492447129909
663,0.03770739064856712,0.0392156862745098
664,0.0391566265060241,0.04066265060240964
665,0.0406015037593985,0.042105263157894736
666,0.04054054054054054,0.042042042042042045
667,0.04047976011994003,0.041979010494752625
668,0.040419161676646706,0.041916167664670656
669,0.04035874439461883,0.04185351270553064
670,0.04029850746268657,0.041791044776119404
671,0.040238450074515646,0.041728763040238454
672,0.04017857142857143,0.041666666666666664
673,0.04011887072808321,0.041604754829123326
674,0.040059347181008904,0.04154302670623145
675,0.04,0.04148148148148148
676,0.03994082840236687,0.04142011834319527
677,0.03988183161004431,0.0413589364844904
678,0.03982300884955752,0.04129793510324484
679,0.039764359351988215,0.041237113402061855
680,0.039705882352941174,0.041176470588235294
681,0.039647577092511016,0.041116005873715125
682,0.039589442815249266,0.04105571847507331
683,0.03953147877013177,0.040995607613469986
684,0.039473684210526314,0.04093567251461988
685,0.03941605839416058,0.040875912408759124
686,0.03935860058309038,0.04081632653061224
687,0.039301310043668124,0.040756914119359534
688,0.03924418604651163,0.040697674418604654
689,0.03918722786647315,0.040638606676342524
690,0.0391304347826087,0.04057971014492753
691,0.03907380607814761,0.04052098408104197
692,0.03901734104046243,0.04046242774566474
693,0.03896103896103896,0.04040404040404041
694,0.03890489913544669,0.040345821325648415
695,0.03884892086330935,0.04028776978417266
696,0.03879310344827586,0.040229885057471264
697,0.03873744619799139,0.040172166427546625
698,0.03868194842406877,0.04011461318051576
699,0.03862660944206009,0.04005722460658083
700,0.03857142857142857,0.04
701,0.03851640513552068,0.039942938659058486
702,0.038461538461538464,0.039886039886039885
703,0.03840682788051209,0.03982930298719772
704,0.03835227272727273,0.03977272727272727
705,0.03829787234042553,0.03971631205673759
706,0.03824362606232295,0.039660056657223795
707,0.03818953323903819,0.039603960396039604
708,0.038135593220338986,0.03954802259887006
709,0.0380818053596615,0.039492242595204514
710,0.038028169014084505,0.03943661971830986
711,0.0379746835443038,0.03938115330520394
712,0.037921348314606744,0.03932584269662921
713,0.037868162692847124,0.03927068723702665
714,0.037815126050420166,0.0392156862745098
715,0.03776223776223776,0.039160839160839164
716,0.03770949720670391,0.03910614525139665
717,0.03765690376569038,0.03905160390516039
718,0.037604456824512536,0.03899721448467967
719,0.037552155771905425,0.03894297635605007
720,0.0375,0.03888888888888889
721,0.03744798890429958,0.038834951456310676
722,0.037396121883656507,0.038781163434903045
723,0.03734439834024896,0.03872752420470263
724,0.03729281767955801,0.03867403314917127
725,0.037241379310344824,0.038620689655172416
726,0.0371900826446281,0.03856749311294766
727,0.037138927097661624,0.03851444291609354
728,0.03708791208791209,0.038461538461538464
729,0.037037037037037035,0.038408779149519894
730,0.036986301369863014,0.038356164383561646
731,0.036935704514363885,0.038303693570451436
732,0.036885245901639344,0.03825136612021858
733,0.036834924965893585,0.03819918144611187
734,0.03678474114441417,0.03814713896457766
735,0.036734693877551024,0.0380952380952381
736,0.036684782608695655,0.03804347826086957
737,0.036635006784260515,0.037991858887381276
738,0.036585365853658534,0.037940379403794036
739,0.036535859269282815,0.037889039242219216
740,0.03648648648648649,0.03783783783783784
741,0.03643724696356275,0.037786774628879895
742,0.03638814016172507,0.03773584905660377
743,0.03633916554508748,0.03768506056527591
744,0.036290322580645164,0.03763440860215054
745,0.036241610738255034,0.03758389261744966
746,0.036193029490616625,0.03753351206434316
747,0.03614457831325301,0.03748326639892905
748,0.03609625668449198,0.0374331550802139
749,0.036048064085447265,0.037383177570093455
750,0.036,0.037333333333333336
751,0.03595206391478029,0.037283621837549935
752,0.03590425531914894,0.03723404255319149
753,0.035856573705179286,0.03718459495351926
754,0.03580901856763926,0.03713527851458886
755,0.03576158940397351,0.03708609271523179
756,0.03571428571428571,0.037037037037037035
757,0.035667107001321,0.036988110964332896
758,0.03562005277044855,0.036939313984168866
759,0.03557312252964427,0.03689064558629776
760,0.035526315789473684,0.03684210526315789
761,0.035479632063074903,0.03679369250985545
762,0.03543307086614173,0.03674540682414698
763,0.035386631716906945,0.03669724770642202
764,0.03534031413612566,0.03664921465968586
765,0.03529411764705882,0.036601307189542485
766,0.03524804177545692,0.03655352480417755
767,0.035202086049543675,0.03650586701434159
768,0.03515625,0.036458333333333336
769,0.035110533159947985,0.036410923276983094
770,0.03506493506493506,0.03636363636363636
771,0.03501945525291829,0.03631647211413749
772,0.034974093264248704,0.03626943005181347
773,0.03492884864165589,0.03622250970245795
774,0.03488372093023256,0.03617571059431524
775,0.03483870967741935,0.03612903225806452
776,0.03479381443298969,0.03608247422680412
777,0.03474903474903475,0.036036036036036036
778,0.03470437017994859,0.03598971722365039
779,0.03465982028241335,0.03594351732991014
780,0.03461538461538462,0.035897435897435895
781,0.034571062740076826,0.03585147247119078
782,0.034526854219948847,0.03580562659846547
783,0.034482758620689655,0.035759897828863345
784,0.03443877551020408,0.03571428571428571
785,0.034394904458598725,0.035668789808917196
786,0.03435114503816794,0.035623409669211195
787,0.03430749682337993,0.035578144853875476
788,0.03426395939086294,0.03553299492385787
789,0.034220532319391636,0.035487959442332066
790,0.03417721518987342,0.035443037974683546
791,0.03413400758533502,0.035398230088495575
792,0.03409090909090909,0.03535353535353535
793,0.034047919293820936,0.03530895334174023
794,0.03400503778337532,0.03526448362720403
795,0.033962264150943396,0.03522012578616352
796,0.03391959798994975,0.035175879396984924
797,0.033877038895859475,0.03513174404015056
798,0.03383458646616541,0.03508771929824561
799,0.03379224030037547,0.03504380475594493
800,0.03375,0.035
801,0.033707865168539325,0.03495630461922597
802,0.03366583541147132,0.034912718204488775
803,0.034869240348692404,0.0361145703611457
804,0.03482587064676617,0.036069651741293535
805,0.034782608695652174,0.03602484472049689
806,0.034739454094292806,0.03598014888337469
807,0.03469640644361834,0.03593556381660471
808,0.034653465346534656,0.03589108910891089
809,0.03584672435105068,0.037082818294190356
810,0.03580246913580247,0.037037037037037035
811,0.035758323057953144,0.036991368680641186
812,0.03571428571428571,0.03694581280788178
813,0.03567035670356704,0.03690036900369004
814,0.03562653562653563,0.036855036855036855
815,0.03558282208588957,0.03680981595092025
816,0.03676470588235294,0.03799019607843137
817,0.03671970624235006,0.037943696450428395
818,0.03667481662591687,0.037897310513447434
819,0.03663003663003663,0.03785103785103785
820,0.036585365853658534,0.03780487804878049
821,0.03654080389768575,0.037758830694275276
822,0.0364963503649635,0.037712895377128956
823,0.03645200486026731,0.03766707168894289
824,0.03640776699029126,0.03762135922330097
825,0.03636363636363636,0.037575757575757575
826,0.03631961259079903,0.03753026634382567
827,0.036275695284159616,0.037484885126964934
828,0.036231884057971016,0.03743961352657005
829,0.03618817852834741,0.03739445114595899
830,0.03614457831325301,0.03734939759036145
831,0.036101083032490974,0.03730445246690734
832,0.036057692307692304,0.037259615384615384
833,0.03601440576230492,0.03721488595438175
834,0.03597122302158273,0.03717026378896882
835,0.03592814371257485,0.037125748502994015
836,0.03588516746411483,0.03708133971291866
837,0.035842293906810034,0.037037037037037035
838,0.03579952267303103,0.03699284009546539
839,0.03575685339690107,0.03694874851013111
840,0.03571428571428571,0.036904761904761905
841,0.0356718192627824,0.036860879904875146
842,0.035629453681710214,0.03681710213776722
843,0.03558718861209965,0.036773428232502965
844,0.035545023696682464,0.03672985781990521
845,0.03550295857988166,0.036686390532544376
846,0.03546099290780142,0.03664302600472813
847,0.03541912632821724,0.03659976387249114
848,0.03537735849056604,0.036556603773584904
849,0.0353356890459364,0.03651354534746761
850,0.03529411764705882,0.036470588235294116
851,0.03525264394829612,0.036427732079905996
852,0.035211267605633804,0.036384976525821594
853,0.035169988276670575,0.03634232121922626
854,0.0351288056206089,0.03629976580796253
855,0.03508771929824561,0.03625730994152047
856,0.035046728971962614,0.036214953271028034
857,0.03500583430571762,0.03617269544924154
858,0.03496503496503497,0.03613053613053613
859,0.034924330616996506,0.03608847497089639
860,0.03488372093023256,0.03604651162790698
861,0.03484320557491289,0.036004645760743324
862,0.03480278422273782,0.03596287703016241
863,0.03476245654692932,0.03592120509849363
864,0.034722222222222224,0.03587962962962963
865,0.035838150289017344,0.03699421965317919
866,0.03579676674364896,0.03695150115473441
867,0.03575547866205306,0.03690888119953864
868,0.03571428571428571,0.03686635944700461
869,0.03567318757192175,0.03682393555811277
870,0.035632183908045977,0.0367816091954023
871,0.03559127439724455,0.03673938002296211
872,0.03555045871559633,0.03669724770642202
873,0.035509736540664374,0.03665521191294387
874,0.03546910755148741,0.036613272311212815
875,0.03542857142857143,0.036571428571428574
876,0.03538812785388128,0.0365296803652968
877,0.03534777651083238,0.036488027366020526
878,0.03530751708428246,0.03644646924829157
879,0.03526734926052332,0.03640500568828214
880,0.035227272727272725,0.03636363636363636
881,0.03518728717366629,0.036322360953461974
882,0.035147392290249435,0.036281179138321996
883,0.035107587768969425,0.0362400906002265
884,0.03506787330316742,0.03619909502262444
885,0.03502824858757062,0.03615819209039548
886,0.03611738148984198,0.03724604966139955
887,0.03720405862457723,0.038331454340473504
888,0.037162162162162164,0.038288288288288286
889,0.03712035995500562,0.03824521934758155
890,0.03707865168539326,0.038202247191011236
891,0.037037037037037035,0.038159371492704826
892,0.03699551569506727,0.03811659192825112
893,0.036954087346024636,0.03807390817469205
894,0.03691275167785235,0.03803131991051454
895,0.03687150837988827,0.03798882681564246
896,0.036830357142857144,0.03794642857142857
897,0.03678929765886288,0.0379041248606466
898,0.036748329621380846,0.0378619153674833
899,0.03670745272525028,0.03781979977753059
900,0.03666666666666667,0.03777777777777778
901,0.03662597114317425,0.03773584905660377
902,0.036585365853658534,0.037694013303769404
903,0.036544850498338874,0.03765227021040975
904,0.03650442477876106,0.03761061946902655
905,0.036464088397790057,0.03756906077348066
906,0.03642384105960265,0.037527593818984545
907,0.03638368246968027,0.037486218302094816
908,0.03634361233480176,0.037444933920704845
909,0.036303630363036306,0.0374037403740374
910,0.03626373626373627,0.03736263736263736
911,0.036223929747530186,0.03732162458836443
912,0.03618421052631579,0.03728070175438596
913,0.03614457831325301,0.03723986856516977
914,0.036105032822757115,0.037199124726477024
915,0.036065573770491806,0.03715846994535519
916,0.036026200873362446,0.03711790393013101
917,0.03598691384950927,0.03707742639040349
918,0.03594771241830065,0.037037037037037035
919,0.035908596300326445,0.036996735582154515
920,0.035869565217391305,0.03695652173913044
921,0.035830618892508145,0.03691639522258415
922,0.03579175704989154,0.0368763557483731
923,0.035752979414951244,0.03683640303358613
924,0.0367965367965368,0.03787878787878788
925,0.036756756756756756,0.03783783783783784
926,0.0367170626349892,0.03779697624190065
927,0.036677454153182305,0.037756202804746494
928,0.036637931034482756,0.03771551724137931
929,0.03659849300322928,0.03767491926803014
930,0.03655913978494624,0.03763440860215054
931,0.036519871106337275,0.03759398496240601
932,0.03648068669527897,0.03755364806866953
933,0.03644158628081458,0.03751339764201501
934,0.03640256959314775,0.03747323340471092
935,0.03636363636363636,0.0374331550802139
936,0.03632478632478633,0.03739316239316239
937,0.03628601921024546,0.03735325506937033
938,0.03624733475479744,0.03731343283582089
939,0.0362087326943557,0.03727369542066028
940,0.036170212765957444,0.03723404255319149
941,0.036131774707757705,0.03719447396386823
942,0.037154989384288746,0.03821656050955414
943,0.03711558854718982,0.03817603393425239
944,0.037076271186440676,0.038135593220338986
945,0.037037037037037035,0.0380952380952381
946,0.03699788583509514,0.03805496828752643
947,0.03695881731784583,0.03801478352692714
948,0.03691983122362869,0.0379746835443038
949,0.0368809272918862,0.037934668071654375
950,0.03684210526315789,0.037894736842105266
951,0.03680336487907466,0.03785488958990536
952,0.03676470588235294,0.037815126050420166
953,0.03672612801678909,0.03777544596012592
954,0.03668763102725367,0.03773584905660377
955,0.03664921465968586,0.03769633507853403
956,0.036610878661087864,0.03765690376569038
957,0.03657262277951933,0.03761755485893417
958,0.03653444676409186,0.037578288100208766
959,0.0364963503649635,0.03753910323253389
960,0.036458333333333336,0.0375
961,0.036420395421436005,0.037460978147762745
962,0.036382536382536385,0.037422037422037424
963,0.036344755970924195,0.037383177570093455
964,0.03630705394190872,0.03734439834024896
965,0.03626943005181347,0.03730569948186528
966,0.036231884057971016,0.037267080745341616
967,0.03619441571871768,0.03722854188210962
968,0.03615702479338843,0.0371900826446281
969,0.03611971104231166,0.03715170278637771
970,0.03608247422680412,0.03711340206185567
971,0.03604531410916581,0.037075180226570546
972,0.0360082304526749,0.037037037037037035
973,0.03597122302158273,0.03699897225077081
974,0.03593429158110883,0.03696098562628337
975,0.035897435897435895,0.036923076923076927
976,0.035860655737704916,0.036885245901639344
977,0.03582395087001024,0.0368474923234391
978,0.03578732106339468,0.03680981595092025
979,0.03575076608784474,0.03677221654749745
980,0.03571428571428571,0.036734693877551024
981,0.03567787971457696,0.03669724770642202
982,0.035641547861507125,0.03665987780040733
983,0.03560528992878942,0.03662258392675483
984,0.03556910569105691,0.036585365853658534
985,0.03553299492385787,0.03654822335025381
986,0.035496957403651115,0.036511156186612576
987,0.03546099290780142,0.0364741641337386
988,0.0354251012145749,0.03643724696356275
989,0.03538928210313448,0.03640040444893832
990,0.03535353535353535,0.03636363636363636
991,0.035317860746720484,0.03632694248234107
992,0.03528225806451613,0.036290322580645164
993,0.035246727089627394,0.03625377643504532
994,0.035211267605633804,0.03621730382293763
995,0.035175879396984924,0.036180904522613064
996,0.03614457831325301,0.03714859437751004
997,0.03610832497492478,0.037111334002006016
998,0.036072144288577156,0.03707414829659319
999,0.036036036036036036,0.037037037037037035
1000,0.036,0.037
1001,0.03596403596403597,0.03696303696303696
1002,0.03592814371257485,0.036926147704590816
1003,0.03589232303090728,0.036889332003988036
1004,0.035856573705179286,0.036852589641434265
1005,0.03582089552238806,0.03681592039800995
1006,0.03578528827037773,0.036779324055666
1007,0.03574975173783516,0.036742800397219465
1008,0.03571428571428571,0.03670634920634921
1009,0.035678889990089196,0.036669970267591674
1010,0.03564356435643564,0.03663366336633663
1011,0.03560830860534125,0.036597428288822946
1012,0.03557312252964427,0.036561264822134384
1013,0.035538005923000986,0.03652517275419546
1014,0.03550295857988166,0.03648915187376726
1015,0.035467980295566505,0.03645320197044335
1016,0.03543307086614173,0.03641732283464567
1017,0.035398230088495575,0.03638151425762045
1018,0.03536345776031434,0.036345776031434185
1019,0.03532875368007851,0.03631010794896958
1020,0.03529411764705882,0.03627450980392157
1021,0.03525954946131244,0.03623898139079334
1022,0.03522504892367906,0.036203522504892366
1023,0.03519061583577713,0.03616813294232649
1024,0.03515625,0.0361328125
1025,0.0351219512195122,0.03609756097560975
1026,0.03508771929824561,0.036062378167641324
1027,0.035053554040895815,0.03602726387536514
1028,0.03501945525291829,0.03599221789883268
1029,0.03498542274052478,0.03595724003887269
1030,0.03495145631067961,0.035922330097087375
1031,0.03491755577109602,0.03588748787584869
1032,0.03488372093023256,0.035852713178294575
1033,0.03484995159728945,0.03581800580832527
1034,0.03481624758220503,0.035783365570599614
1035,0.034782608695652174,0.035748792270531404
1036,0.03474903474903475,0.03571428571428571
1037,0.03471552555448409,0.03567984570877531
1038,0.03468208092485549,0.03564547206165703
1039,0.03464870067372473,0.0356111645813282
1040,0.03461538461538462,0.035576923076923075
1041,0.0345821325648415,0.03554274735830932
1042,0.0345489443378119,0.03550863723608445
1043,0.03451581975071908,0.03547459252157239
1044,0.034482758620689655,0.035440613026819924
1045,0.03444976076555024,0.0354066985645933
1046,0.03441682600382409,0.03537284894837476
1047,0.03533906399235912,0.03629417382999045
1048,0.035305343511450385,0.03625954198473282
1049,0.03527168732125834,0.03622497616777884
1050,0.035238095238095235,0.03619047619047619
1051,0.035204567078972404,0.03615604186489058
1052,0.03517110266159696,0.03612167300380228
1053,0.03513770180436847,0.03608736942070275
1054,0.03510436432637571,0.036053130929791274
1055,0.03601895734597156,0.03696682464454976
1056,0.03598484848484849,0.036931818181818184
1057,0.03595080416272469,0.036896877956480605
1058,0.035916824196597356,0.036862003780718335
1059,0.03588290840415486,0.036827195467422094
1060,0.035849056603773584,0.03679245283018868
1061,0.03581526861451461,0.036757775683317624
1062,0.035781544256120526,0.03672316384180791
1063,0.03574788334901223,0.036688617121354655
1064,0.03571428571428571,0.03665413533834586
1065,0.03568075117370892,0.036619718309859155
1066,0.03564727954971857,0.036585365853658534
1067,0.03561387066541706,0.03655107778819119
1068,0.035580524344569285,0.03651685393258427
1069,0.03554724041159962,0.03648269410664172
1070,0.03551401869158879,0.03644859813084112
1071,0.035480859010270774,0.036414565826330535
1072,0.03544776119402985,0.036380597014925374
1073,0.035414725069897485,0.036346691519105315
1074,0.035381750465549346,0.036312849162011177
1075,0.035348837209302326,0.03627906976744186
1076,0.03531598513011153,0.0362453531598513
1077,0.035283194057567316,0.036211699164345405
1078,0.03525046382189239,0.036178107606679034
1079,0.03521779425393883,0.03614457831325301
1080,0.03518518518518519,0.03611111111111111
1081,0.03515263644773358,0.036077705827937095
1082,0.03512014787430684,0.036044362292051754
1083,0.03508771929824561,0.036011080332409975
1084,0.03505535055350553,0.035977859778597784
1085,0.035023041474654376,0.035944700460829496
1086,0.034990791896869246,0.03591160220994475
1087,0.034958601655933765,0.035878564857405704
1088,0.034926470588235295,0.035845588235294115
1089,0.03489439853076217,0.03581267217630854
1090,0.03486238532110092,0.03577981651376147
1091,0.034830430797433545,0.035747021081576534
1092,0.0347985347985348,0.03571428571428571
1093,0.03476669716376944,0.035681610247026534
1094,0.03473491773308958,0.0356489945155393
1095,0.034703196347031964,0.03561643835616438
1096,0.03467153284671533,0.035583941605839414
1097,0.03463992707383774,0.03555150410209663
1098,0.03460837887067395,0.03551912568306011
1099,0.034576888080072796,0.03548680618744313
1100,0.034545454545454546,0.035454545454545454
1101,0.03451407811080836,0.035422343324250684
1102,0.034482758620689655,0.03539019963702359
1103,0.03445149592021759,0.03535811423390753
1104,0.034420289855072464,0.035326086956521736
1105,0.034389140271493215,0.03529411764705882
1106,0.034358047016274866,0.0352622061482821
1107,0.03432700993676603,0.03523035230352303
1108,0.03429602888086643,0.0351985559566787
1109,0.034265103697024346,0.0351668169522092
1110,0.03423423423423423,0.03513513513513514
1111,0.034203420342034205,0.0351035103510351
1112,0.0341726618705036,0.03507194244604316
1113,0.034141958670260555,0.03504043126684636
1114,0.03411131059245961,0.03500897666068223
1115,0.034080717488789235,0.03497757847533632
1116,0.034050179211469536,0.03494623655913978
1117,0.03401969561324977,0.03491495076096687
1118,0.03398926654740608,0.03488372093023256
1119,0.03395889186773905,0.03485254691689008
1120,0.033928571428571426,0.03482142857142857
1121,0.03389830508474576,0.03479036574487065
1122,0.0338680926916221,0.034759358288770054
1123,0.03383793410507569,0.034728406055209264
1124,0.033807829181494664,0.03469750889679715
1125,0.033777777777777775,0.034666666666666665
1126,0.03374777975133215,0.03463587921847247
1127,0.03371783496007098,0.03460514640638864
1128,0.03368794326241135,0.034574468085106384
1129,0.03365810451727192,0.03454384410983171
1130,0.033628318584070796,0.034513274336283185
1131,0.03359858532272325,0.034482758620689655
1132,0.03356890459363958,0.03445229681978799
1133,0.03353927625772286,0.03442188879082083
1134,0.03350970017636684,0.03439153439153439
1135,0.033480176211453744,0.03436123348017621
1136,0.03345070422535211,0.03433098591549296
1137,0.03342128408091469,0.03430079155672823
1138,0.033391915641476276,0.03427065026362039
1139,0.033362598770851626,0.03424056189640035
1140,0.03333333333333333,0.034210526315789476
1141,0.033304119193689745,0.03418054338299737
1142,0.03327495621716287,0.03415061295971979
1143,0.033245844269466314,0.03412073490813648
1144,0.033216783216783216,0.03409090909090909
1145,0.03318777292576419,0.03406113537117904
1146,0.03315881326352531,0.034031413612565446
1147,0.03312990409764603,0.03400174367916303
1148,0.033101045296167246,0.03397212543554007
1149,0.03307223672758921,0.033942558746736295
1150,0.03304347826086956,0.03391304347826087
1151,0.03301476976542137,0.03388357949609035
1152,0.03298611111111111,0.033854166666666664
1153,0.03295750216825672,0.033824804856895055
1154,0.03292894280762565,0.033795493934142114
1155,0.0329004329004329,0.033766233766233764
1156,0.0328719723183391,0.03373702422145329
1157,0.032843560933448576,0.033707865168539325
1158,0.03281519861830743,0.03367875647668394
1159,0.03278688524590164,0.03364969801553063
1160,0.032758620689655175,0.03362068965517241
1161,0.03273040482342808,0.03359173126614987
1162,0.03270223752151463,0.03356282271944923
1163,0.03267411865864144,0.03353396388650043
1164,0.03264604810996564,0.03350515463917526
1165,0.03261802575107296,0.03347639484978541
1166,0.032590051457975985,0.03344768439108062
1167,0.032562125107112254,0.033419023136246784
1168,0.032534246575342464,0.03339041095890411
1169,0.032506415739948676,0.033361847733105215
1170,0.03247863247863248,0.03333333333333333
1171,0.032450896669513236,0.033304867634500426
1172,0.032423208191126277,0.033276450511945395
1173,0.03239556692242114,0.03324808184143223
1174,0.03236797274275979,0.03321976149914821
1175,0.03234042553191489,0.033191489361702124
1176,0.03231292517006803,0.03316326530612245
1177,0.03228547153780799,0.03313508920985556
1178,0.03225806451612903,0.03310696095076401
1179,0.032230703986429174,0.03307888040712468
1180,0.03305084745762712,0.03389830508474576
1181,0.03302286198137172,0.03386960203217612
1182,0.03299492385786802,0.0338409475465313
1183,0.03296703296703297,0.0338123415046492
1184,0.032939189189189186,0.033783783783783786
1185,0.03291139240506329,0.03375527426160337
1186,0.03288364249578415,0.03372681281618887
1187,0.03285593934288121,0.03369839932603201
1188,0.03282828282828283,0.03367003367003367
1189,0.03280067283431455,0.0336417157275021
1190,0.03277310924369748,0.03361344537815126
1191,0.0327455919395466,0.033585222502099076
1192,0.03271812080536913,0.03355704697986577
1193,0.03269069572506287,0.03352891869237217
1194,0.032663316582914576,0.03350083752093802
1195,0.032635983263598324,0.03347280334728033
1196,0.03260869565217391,0.033444816053511704
1197,0.03258145363408521,0.03341687552213868
1198,0.0325542570951586,0.0333889816360601
1199,0.03252710592160134,0.03336113427856547
1200,0.0325,0.03333333333333333
1201,0.0324729392173189,0.03330557868442964
1202,0.0324459234608985,0.033277870216306155
1203,0.032418952618453865,0.03325020781379884
1204,0.03322259136212625,0.0340531561461794
1205,0.03319502074688797,0.03402489626556016
1206,0.03316749585406302,0.03399668325041459
1207,0.033140016570008285,0.03396851698425849
1208,0.033112582781456956,0.03394039735099338
1209,0.033085194375516956,0.03391232423490488
1210,0.03305785123966942,0.033884297520661154
1211,0.03303055326176713,0.033856317093311314
1212,0.033003300330033,0.03382838283828383
1213,0.03297609233305853,0.033800494641384994
1214,0.032948929159802305,0.03377265238879736
1215,0.03292181069958848,0.03374485596707819
1216,0.03289473684210526,0.033717105263157895
1217,0.03286770747740345,0.03368940016433854
1218,0.03366174055829228,0.034482758620689655
1219,0.033634126333059886,0.034454470877768664
1220,0.03360655737704918,0.03442622950819672
1221,0.03357903357903358,0.0343980343980344
1222,0.03355155482815057,0.03436988543371522
1223,0.033524121013900246,0.03434178250204415
1224,0.03349673202614379,0.03431372549019608
1225,0.03346938775510204,0.03428571428571429
1226,0.03425774877650897,0.03507340946166395
1227,0.034229828850855744,0.03504482477587612
1228,0.03420195439739414,0.03501628664495114
1229,0.03417412530512612,0.03498779495524817
1230,0.03414634146341464,0.034959349593495934
1231,0.03411860276198213,0.034930950446791224
1232,0.03409090909090909,0.0349025974025974
1233,0.0340632603406326,0.034874290348742905
1234,0.03403565640194489,0.03484602917341977
1235,0.0340080971659919,0.034817813765182185
1236,0.03398058252427184,0.03478964401294499
1237,0.03395311236863379,0.034761519805982216
1238,0.033925686591276254,0.034733441033925685
1239,0.03389830508474576,0.03470540758676352
1240,0.03387096774193549,0.03467741935483871
1241,0.03384367445608381,0.0346494762288477
1242,0.033816425120772944,0.03462157809983897
1243,0.03378921962992759,0.03459372485921158
1244,0.03376205787781351,0.03456591639871383
1245,0.033734939759036145,0.03453815261044177
1246,0.033707865168539325,0.03451043338683788
1247,0.03368083400160385,0.034482758620689655
1248,0.03365384615384615,0.03445512820512821
1249,0.03362690152121697,0.0344275420336269
1250,0.0336,0.0344
1251,0.03357314148681055,0.03437250199840128
1252,0.03354632587859425,0.034345047923322686
1253,0.0335195530726257,0.034317637669592976
1254,0.03349282296650718,0.0342902711323764
1255,0.03346613545816733,0.034262948207171316
1256,0.03343949044585987,0.03423566878980892
1257,0.03341288782816229,0.03420843277645187
1258,0.033386327503974564,0.03418124006359301
1259,0.03335980937251787,0.03415409054805401
1260,0.03333333333333333,0.034126984126984124
1261,0.03330689928628073,0.03409992069785884
1262,0.03328050713153724,0.03407290015847861
1263,0.0332541567695962,0.034045922406967535
1264,0.03322784810126582,0.03401898734177215
1265,0.03320158102766799,0.03399209486166008
1266,0.03317535545023697,0.0339652448657188
1267,0.03314917127071823,0.03393843725335438
1268,0.033123028391167195,0.03391167192429022
1269,0.03309692671394799,0.0338849487785658
1270,0.03307086614173228,0.03385826771653543
1271,0.03304484657749803,0.03383162863886703
1272,0.0330188679245283,0.03380503144654088
1273,0.032992930086410056,0.03377847604084839
1274,0.03296703296703297,0.033751962323390894
1275,0.03294117647058824,0.03372549019607843
1276,0.032915360501567396,0.03369905956112853
1277,0.03288958496476116,0.033672670321064996
1278,0.03286384976525822,0.033646322378716745
1279,0.0328381548084441,0.033620015637216574
1280,0.0328125,0.03359375
1281,0.03278688524590164,0.03356752537080406
1282,0.0327613104524181,0.033541341653666144
1283,0.03273577552611068,0.03351519875292284
1284,0.03271028037383177,0.03348909657320872
1285,0.03268482490272374,0.03346303501945525
1286,0.03265940902021773,0.03343701399688958
1287,0.03263403263403263,0.03341103341103341
1288,0.03260869565217391,0.033385093167701864
1289,0.032583397982932506,0.03335919317300233
1290,0.03255813953488372,0.03333333333333333
1291,0.032532920216886134,0.033307513555383424
1292,0.032507739938080496,0.033281733746130034
1293,0.03248259860788863,0.033255993812838364
1294,0.03245749613601236,0.03323029366306028
1295,0.032432432432432434,0.033204633204633204
1296,0.032407407407407406,0.033179012345679014
1297,0.03238242097147263,0.03315343099460293
1298,0.032357473035439135,0.03312788906009245
1299,0.03233256351039261,0.033102386451116246
1300,0.03230769230769231,0.03307692307692308
1301,0.03228285933897002,0.033051498847040735
1302,0.03225806451612903,0.03302611367127496
1303,0.03223330775134305,0.03300076745970836
1304,0.032208588957055216,0.032975460122699383
1305,0.03218390804597701,0.03295019157088123
1306,0.03215926493108729,0.032924961715160794
1307,0.032134659525631215,0.03289977046671767
1308,0.03211009174311927,0.03287461773700306
1309,0.03208556149732621,0.03284950343773873
1310,0.03206106870229008,0.03282442748091603
1311,0.032036613272311214,0.03279938977879481
1312,0.03201219512195122,0.03277439024390244
1313,0.03198781416603199,0.03274942878903275
1314,0.0319634703196347,0.03272450532724505
1315,0.03193916349809886,0.03269961977186312
1316,0.031914893617021274,0.03267477203647416
1317,0.03189066059225513,0.032649962034927864
1318,0.03186646433990895,0.032625189681335355
1319,0.03184230477634572,0.032600454890068235
1320,0.031818181818181815,0.03257575757575758
1321,0.03179409538228615,0.03255109765329296
1322,0.03177004538577912,0.03252647503782148
1323,0.031746031746031744,0.03250188964474679
1324,0.03172205438066465,0.0324773413897281
1325,0.03169811320754717,0.03245283018867925
1326,0.03167420814479638,0.032428355957767725
1327,0.031650339110776186,0.03240391861341371
1328,0.03162650602409638,0.03237951807228916
1329,0.03160270880361174,0.03235515425131678
1330,0.031578947368421054,0.032330827067669175
1331,0.03155522163786627,0.032306536438767845
1332,0.03153153153153153,0.03228228228228228
1333,0.03150787696924231,0.03225806451612903
1334,0.031484257871064465,0.03223388305847077
1335,0.03146067415730337,0.03220973782771536
1336,0.03143712574850299,0.03218562874251497
1337,0.031413612565445025,0.03216155572176515
1338,0.03139013452914798,0.032137518684603884
1339,0.03136669156086632,0.03211351755041075
1340,0.03134328358208955,0.03208955223880597
1341,0.03131991051454139,0.03206562266964952
1342,0.03129657228017884,0.03204172876304024
1343,0.03127326880119136,0.03201787043931496
1344,0.03125,0.031994047619047616
1345,0.031226765799256505,0.03197026022304833
1346,0.031203566121842496,0.03194650817236255
1347,0.031180400890868598,0.03192279138827023
1348,0.03115727002967359,0.031899109792284865
1349,0.031134173461823574,0.03187546330615271
1350,0.03111111111111111,0.03185185185185185
1351,0.031088082901554404,0.03182827535159141
1352,0.03106508875739645,0.031804733727810654
1353,0.031042128603104215,0.031781226903178125
1354,0.0310192023633678,0.03175775480059084
1355,0.03099630996309963,0.03173431734317343
1356,0.030973451327433628,0.03171091445427729
1357,0.030950626381724394,0.03168754605747973
1358,0.030927835051546393,0.03166421207658321
1359,0.03090507726269316,0.03164091243561442
1360,0.030882352941176472,0.03161764705882353
1361,0.03085966201322557,0.03159441587068332
1362,0.030837004405286344,0.0315712187958884
1363,0.030814380044020543,0.03154805575935436
1364,0.030791788856304986,0.03152492668621701
1365,0.03076923076923077,0.0315018315018315
1366,0.03074670571010249,0.0314787701317716
1367,0.030724213606437453,0.03145574250182882
1368,0.03070175438596491,0.031432748538011694
1369,0.030679327976625273,0.031409788166544925
1370,0.030656934306569343,0.031386861313868614
1371,0.030634573304157548,0.031363967906637494
1372,0.030612244897959183,0.03134110787172012
1373,0.03058994901675164,0.031318281136198105
1374,0.03056768558951965,0.03129548762736536
1375,0.030545454545454546,0.03127272727272727
1376,0.030523255813953487,0.03125
1377,0.030501089324618737,0.03122730573710966
1378,0.030478955007256895,0.031204644412191583
1379,0.030456852791878174,0.03118201595358956
1380,0.030434782608695653,0.031159420289855074
1381,0.03041274438812455,0.031136857349746562
1382,0.030390738060781478,0.031114327062228653
1383,0.03036876355748373,0.03109182935647144
1384,0.030346820809248554,0.03106936416184971
1385,0.03032490974729242,0.03104693140794224
1386,0.030303030303030304,0.031024531024531024
1387,0.03028118240807498,0.031002162941600575
1388,0.03025936599423631,0.030979827089337175
1389,0.03023758099352052,0.03095752339812815
1390,0.030215827338129497,0.03093525179856115
1391,0.0301941049604601,0.030913012221423435
1392,0.03017241379310345,0.03089080459770115
1393,0.03015075376884422,0.030868628858578606
1394,0.03012912482065997,0.03084648493543759
1395,0.030107526881720432,0.03082437275985663
1396,0.03008595988538682,0.030802292263610316
1397,0.030064423765211165,0.030780243378668574
1398,0.030042918454935622,0.030758226037195996
1399,0.03002144388849178,0.030736240171551108
1400,0.03,0.030714285714285715
1401,0.029978586723768737,0.030692362598144184
1402,0.029957203994293864,0.030670470756062766
1403,0.02993585174625802,0.030648610121168925
1404,0.029914529914529916,0.030626780626780627
1405,0.0298932384341637,0.030604982206405694
1406,0.029871977240398292,0.03058321479374111
1407,0.029850746268656716,0.030561478322672354
1408,0.029829545454545456,0.030539772727272728
1409,0.029808374733853796,0.030518097941802696
1410,0.029787234042553193,0.03049645390070922
1411,0.029766123316796598,0.03047484053862509
1412,0.029745042492917848,0.030453257790368272
1413,0.029723991507430998,0.03043170559094126
1414,0.0297029702970297,0.03041018387553041
1415,0.029681978798586573,0.0303886925795053
1416,0.029661016949152543,0.03036723163841808
1417,0.029640084685956247,0.030345800988002825
1418,0.029619181946403384,0.030324400564174896
1419,0.02959830866807611,0.030303030303030304
1420,0.029577464788732393,0.03028169014084507
1421,0.029556650246305417,0.030260380014074596
1422,0.029535864978902954,0.030239099859353025
1423,0.029515108924806747,0.030217849613492623
1424,0.02949438202247191,0.030196629213483147
1425,0.029473684210526315,0.030175438596491227
1426,0.029453015427769985,0.030154277699859747
1427,0.02943237561317449,0.030133146461107218
1428,0.029411764705882353,0.03011204481792717
1429,0.02939118264520644,0.030090972708187544
1430,0.02937062937062937,0.03006993006993007
1431,0.029350104821802937,0.03004891684136967
1432,0.029329608938547486,0.030027932960893854
1433,0.02930914166085136,0.030006978367062107
1434,0.029288702928870293,0.0299860529986053
1435,0.02926829268292683,0.029965156794425088
1436,0.02924791086350975,0.029944289693593314
1437,0.029227557411273485,0.029923451635351428
1438,0.02920723226703755,0.029902642559109873
1439,0.029186935371785964,0.029881862404447533
1440,0.029166666666666667,0.029861111111111113
1441,0.02914642609299098,0.029840388619014575
1442,0.02912621359223301,0.029819694868238558
1443,0.029106029106029108,0.0297990297990298
1444,0.029085872576177285,0.029778393351800554
1445,0.02906574394463668,0.02975778546712803
1446,0.029045643153526972,0.029737206085753802
1447,0.02902557014512785,0.029716655148583276
1448,0.029005524861878452,0.029696132596685083
1449,0.028985507246376812,0.029675638371290544
1450,0.028965517241379312,0.029655172413793104
1451,0.028945554789800137,0.029634734665747762
1452,0.028925619834710745,0.029614325068870524
1453,0.028905712319339298,0.029593943565037854
1454,0.02888583218707015,0.029573590096286108
1455,0.0288659793814433,0.029553264604810996
1456,0.028846153846153848,0.029532967032967032
1457,0.028826355525051476,0.029512697323266987
1458,0.02880658436213992,0.029492455418381344
1459,0.02878684030157642,0.029472241261137764
1460,0.028767123287671233,0.02945205479452055
1461,0.028747433264887063,0.02943189596167009
1462,0.028727770177838577,0.029411764705882353
1463,0.028708133971291867,0.02939166097060834
1464,0.028688524590163935,0.029371584699453553
1465,0.028668941979522185,0.029351535836177476
1466,0.0286493860845839,0.029331514324693043
1467,0.028629856850715747,0.02931152010906612
1468,0.02861035422343324,0.029291553133514985
1469,0.02859087814840027,0.029271613342409804
1470,0.02857142857142857,0.029251700680272108
1471,0.028552005438477225,0.029231815091774305
1472,0.028532608695652172,0.029211956521739132
1473,0.028513238289205704,0.029192124915139173
1474,0.028493894165535955,0.029172320217096336
1475,0.02847457627118644,0.029152542372881354
1476,0.028455284552845527,0.029132791327913278
1477,0.02843601895734597,0.02911306702775897
1478,0.028416779431664412,0.029093369418132613
1479,0.028397565922920892,0.0290736984448952
1480,0.02837837837837838,0.029054054054054056
1481,0.02835921674544227,0.02903443619176232
1482,0.02834008097165992,0.029014844804318488
1483,0.028320971004720162,0.02899527983816588
1484,0.02830188679245283,0.028975741239892182
1485,0.028282828282828285,0.028956228956228958
1486,0.02826379542395693,0.028936742934051143
1487,0.02824478816408877,0.028917283120376596
1488,0.028225806451612902,0.02889784946236559
1489,0.028206850235057087,0.02887844190732035
1490,0.028187919463087248,0.028859060402684565
1491,0.028169014084507043,0.028839704896042925
1492,0.028150134048257374,0.028820375335120642
1493,0.02813127930341594,0.028801071667782986
1494,0.028112449799196786,0.028781793842034806
1495,0.028093645484949834,0.028762541806020066
1496,0.02807486631016043,0.02874331550802139
1497,0.028056112224448898,0.028724114896459586
1498,0.028037383177570093,0.02870493991989319
1499,0.028018679119412943,0.028685790527018012
1500,0.028,0.028666666666666667
1501,0.02798134576948701,0.028647568287808126
1502,0.02796271637816245,0.02862849533954727
1503,0.027944111776447105,0.028609447771124417
1504,0.027925531914893616,0.028590425531914893
1505,0.027906976744186046,0.02857142857142857
1506,0.027888446215139442,0.028552456839309428
1507,0.027869940278699403,0.028533510285335104
1508,0.027851458885941646,0.028514588859416445
1509,0.027833001988071572,0.028495692511597084
1510,0.02781456953642384,0.02847682119205298
1511,0.027796161482461945,0.028457974851091992
1512,0.027777777777777776,0.028439153439153438
1513,0.02775941837409121,0.028420356906807668
1514,0.02774108322324967,0.028401585204755615
1515,0.027722772277227723,0.02838283828382838
1516,0.027704485488126648,0.02836411609498681
1517,0.027686222808174028,0.028345418589321027
1518,0.02766798418972332,0.028326745718050064
1519,0.028308097432521395,0.028966425279789335
1520,0.028289473684210528,0.02894736842105263
1521,0.02827087442472058,0.028928336620644313
1522,0.028252299605781867,0.02890932982917214
1523,0.028233749179251477,0.028890347997373604
1524,0.028871391076115485,0.02952755905511811
1525,0.028852459016393443,0.029508196721311476
1526,0.028833551769331587,0.02948885976408912
1527,0.028814669286182055,0.029469548133595286
1528,0.028795811518324606,0.029450261780104712
1529,0.02877697841726619,0.029431000654022238
1530,0.02875816993464052,0.029411764705882353
1531,0.028739386022207707,0.02939255388634879
1532,0.028720626631853787,0.0293733681462141
1533,0.028701891715590344,0.029354207436399216
1534,0.028683181225554105,0.029335071707953065
1535,0.028664495114006514,0.029315960912052116
1536,0.028645833333333332,0.029296875
1537,0.028627195836044242,0.029277813923227064
1538,0.02860858257477243,0.029258777633289986
1539,0.028589993502274202,0.029239766081871343
1540,0.02857142857142857,0.02922077922077922
1541,0.02855288773523686,0.029201817001946788
1542,0.028534370946822308,0.029182879377431907
1543,0.028515878159429683,0.02916396629941672
1544,0.02849740932642487,0.029145077720207253
1545,0.0284789644012945,0.02912621359223301
1546,0.028460543337645538,0.02910737386804657
1547,0.028442146089204912,0.029088558500323207
1548,0.028423772609819122,0.029069767441860465
1549,0.028405422853453842,0.029051000645577793
1550,0.02838709677419355,0.02903225806451613
1551,0.028368794326241134,0.029013539651837523
1552,0.028350515463917526,0.028994845360824743
1553,0.028332260141661302,0.028976175144880875
1554,0.028314028314028315,0.02895752895752896
1555,0.02829581993569132,0.028938906752411574
1556,0.028277634961439587,0.02892030848329049
1557,0.028259473346178548,0.028901734104046242
1558,0.028241335044929396,0.028883183568677792
1559,0.028223220012828735,0.028864656831302116
1560,0.028205128205128206,0.028846153846153848
1561,0.028187059577194105,0.028827674567584883
1562,0.028169014084507043,0.02880921895006402
1563,0.02815099168266155,0.028790786948176585
1564,0.028132992327365727,0.02877237851662404
1565,0.028115015974440896,0.02875399361022364
1566,0.0280970625798212,0.028735632183908046
1567,0.028079132099553285,0.02871729419272495
1568,0.02806122448979592,0.028698979591836735
1569,0.02804333970681963,0.028680688336520075
1570,0.02802547770700637,0.028662420382165606
1571,0.028007638446849142,0.02864417568427753
1572,0.027989821882951654,0.02862595419847328
1573,0.027972027972027972,0.028607755880483154
1574,0.02795425667090216,0.028589580686149935
1575,0.027936507936507936,0.02857142857142857
1576,0.027918781725888325,0.028553299492385786
1577,0.027901077996195307,0.028535193405199746
1578,0.02788339670468948,0.028517110266159697
1579,0.02786573780873971,0.028499050031665613
1580,0.027848101265822784,0.028481012658227847
1581,0.027830487033523088,0.028462998102466792
1582,0.02781289506953224,0.028445006321112517
1583,0.027795325331648767,0.028427037271004423
1584,0.027777777777777776,0.028409090909090908
1585,0.0277602523659306,0.028391167192429023
1586,0.027742749054224466,0.02837326607818411
1587,0.027725267800882167,0.02835538752362949
1588,0.027707808564231738,0.028337531486146095
1589,0.027690371302706105,0.028319697923222153
1590,0.027672955974842768,0.02830188679245283
1591,0.02765556253928347,0.028284098051539912
1592,0.02763819095477387,0.028266331658291458
1593,0.027620841180163214,0.02824858757062147
1594,0.027603513174404015,0.028230865746549563
1595,0.027586206896551724,0.02821316614420063
1596,0.02756892230576441,0.02819548872180451
1597,0.027551659361302442,0.028177833437695678
1598,0.02753441802252816,0.028160200250312892
1599,0.027517198248905566,0.028142589118198873
1600,0.0275,0.028125
1601,0.027482823235477825,0.028107432854465958
1602,0.02746566791510612,0.028089887640449437
1603,0.02744853399875234,0.028072364316905803
1604,0.02743142144638404,0.02805486284289277
1605,0.027414330218068536,0.028037383177570093
1606,0.0273972602739726,0.028019925280199254
1607,0.027380211574362167,0.028002489110143122
1608,0.02736318407960199,0.027985074626865673
1609,0.027346177750155375,0.027967681789931635
1610,0.02732919254658385,0.027950310559006212
1611,0.027312228429546864,0.027932960893854747
1612,0.02729528535980149,0.02791563275434243
1613,0.02727836329820211,0.027898326100433975
1614,0.027261462205700124,0.027881040892193308
1615,0.027244582043343655,0.02786377708978328
1616,0.027227722772277228,0.027846534653465347
1617,0.027210884353741496,0.027829313543599257
1618,0.027194066749072928,0.02781211372064277
1619,0.027794935145151328,0.028412600370599134
1620,0.027777777777777776,0.028395061728395062
1621,0.027760641579272053,0.0283775447254781
1622,0.027743526510480888,0.02836004932182491
1623,0.027726432532347505,0.028342575477510783
1624,0.02770935960591133,0.02832512315270936
1625,0.027692307692307693,0.028307692307692308
1626,0.027675276752767528,0.028290282902829027
1627,0.027658266748617086,0.028272894898586354
1628,0.02764127764127764,0.028255528255528257
1629,0.027624309392265192,0.028238182934315532
1630,0.027607361963190184,0.02822085889570552
1631,0.027590435315757205,0.028203556100551808
1632,0.027573529411764705,0.028186274509803922
1633,0.027556644213104716,0.028169014084507043
1634,0.027539779681762546,0.028151774785801713
1635,0.027522935779816515,0.028134556574923548
1636,0.02750611246943765,0.028117359413202935
1637,0.02748930971288943,0.028100183262064753
1638,0.027472527472527472,0.028083028083028084
1639,0.027455765710799267,0.028065893837705917
1640,0.027439024390243903,0.02804878048780488
1641,0.027422303473491772,0.028031687995124923
1642,0.027405602923264313,0.028014616321559074
1643,0.027388922702373707,0.02799756542909312
1644,0.02737226277372263,0.027980535279805353
1645,0.02735562310030395,0.02796352583586626
1646,0.027339003645200487,0.027946537059538274
1647,0.0273224043715847,0.02792956891317547
1648,0.027305825242718445,0.027912621359223302
1649,0.0272892662219527,0.027895694360218316
1650,0.02727272727272727,0.027878787878787878
1651,0.027256208358570563,0.02786190187764991
1652,0.027239709443099273,0.02784503631961259
1653,0.02722323049001815,0.027828191167574106
1654,0.02720677146311971,0.02781136638452237
1655,0.027190332326283987,0.027794561933534745
1656,0.02717391304347826,0.027777777777777776
1657,0.02715751357875679,0.02776101388050694
1658,0.027141133896260553,0.027744270205066344
1659,0.027124773960216998,0.027727546714888487
1660,0.02710843373493976,0.027710843373493974
1661,0.027092113184828417,0.027694160144491272
1662,0.02707581227436823,0.027677496991576414
1663,0.027059530968129887,0.027660853878532773
1664,0.027043269230769232,0.027644230769230768
1665,0.02702702702702703,0.02762762762762763
1666,0.02701080432172869,0.027611044417767107
1667,0.026994601079784044,0.027594481103779243
1668,0.02697841726618705,0.027577937649880094
1669,0.02696225284601558,0.02756141402037148
1670,0.02694610778443114,0.027544910179640718
1671,0.026929982046678635,0.02752842609216038
1672,0.026913875598086126,0.02751196172248804
1673,0.026897788404064555,0.02749551703526599
1674,0.026881720430107527,0.027479091995221028
1675,0.026865671641791045,0.02746268656716418
1676,0.02684964200477327,0.027446300715990454
1677,0.027429934406678593,0.02802623732856291
1678,0.027413587604290822,0.02800953516090584
1679,0.0273972602739726,0.02799285288862418
1680,0.02738095238095238,0.027976190476190477
1681,0.027364663890541343,0.02795954788816181
1682,0.027348394768133173,0.02794292508917955
1683,0.027332144979203804,0.027926322043969103
1684,0.027315914489311165,0.027909738717339667
1685,0.027299703264094956,0.027893175074183978
1686,0.027283511269276393,0.027876631079478055
1687,0.027267338470657973,0.027860106698280974
1688,0.027251184834123223,0.027843601895734597
1689,0.027235050325636473,0.027827116637063352
1690,0.027218934911242602,0.027810650887573965
1691,0.027202838557066823,0.027794204612655235
1692,0.027186761229314422,0.027777777777777776
1693,0.027170702894270527,0.027761370348493797
1694,0.02715466351829988,0.027744982290436836
1695,0.027138643067846607,0.027728613569321534
1696,0.027122641509433963,0.027712264150943397
1697,0.027106658809664112,0.02769593400117855
1698,0.027090694935217905,0.02767962308598351
1699,0.02707474985285462,0.02766333137139494
1700,0.027058823529411764,0.027647058823529413
1701,0.02704291593180482,0.027630805408583186
1702,0.02702702702702703,0.027614571092831962
1703,0.02701115678214915,0.02759835584263065
1704,0.02699530516431925,0.027582159624413145
1705,0.026979472140762465,0.02756598240469208
1706,0.026963657678780773,0.027549824150058615
1707,0.026947861745752782,0.02753368482718219
1708,0.026932084309133488,0.027517564402810304
1709,0.026916325336454067,0.027501462843768285
1710,0.026900584795321637,0.027485380116959064
1711,0.026884862653419054,0.027469316189362946
1712,0.026869158878504672,0.027453271028037383
1713,0.026853473438412143,0.027437244600116754
1714,0.026837806301050177,0.027421236872812137
1715,0.026822157434402333,0.02740524781341108
1716,0.026806526806526808,0.027389277389277388
1717,0.026790914385556204,0.027373325567850902
1718,0.02677532013969732,0.027357392316647265
1719,0.02675974403723095,0.027341477603257707
1720,0.026744186046511628,0.02732558139534884
1721,0.02672864613596746,0.027309703660662404
1722,0.026713124274099883,0.0272938443670151
1723,0.026697620429483458,0.027278003482298318
1724,0.02668213457076566,0.027262180974477957
1725,0.02666666666666667,0.027246376811594204
1726,0.026651216685979143,0.027230590961761298
1727,0.026635784597568036,0.02721482339316734
1728,0.02662037037037037,0.027199074074074073
1729,0.026604973973395025,0.027183342972816656
1730,0.026589595375722544,0.02716763005780347
1731,0.02657423454650491,0.027151935297515885
1732,0.026558891454965358,0.027136258660508082
1733,0.026543566070398154,0.027120600115406807
1734,0.0265282583621684,0.02710495963091119
1735,0.026512968299711816,0.027089337175792507
1736,0.02707373271889401,0.027649769585253458
1737,0.027058146229130685,0.027633851468048358
1738,0.02704257767548907,0.02761795166858458
1739,0.02702702702702703,0.027602070155261643
1740,0.027011494252873563,0.027586206896551724
1741,0.026995979322228605,0.027570361860999426
1742,0.0269804822043628,0.027554535017221583
1743,0.026965002868617326,0.027538726333907058
1744,0.02694954128440367,0.027522935779816515
1745,0.026934097421203437,0.027507163323782235
1746,0.026918671248568157,0.027491408934707903
1747,0.026903262736119062,0.027475672581568404
1748,0.02688787185354691,0.02745995423340961
1749,0.026872498570611778,0.0274442538593482
1750,0.026857142857142857,0.027428571428571427
1751,0.026841804683038265,0.02741290691033695
1752,0.02682648401826484,0.0273972602739726
1753,0.026811180832857957,0.027381631488876214
1754,0.027366020524515394,0.027936145952109463
1755,0.02735042735042735,0.02792022792022792
1756,0.02733485193621868,0.027904328018223234
1757,0.02731929425156517,0.027888446215139442
1758,0.027303754266211604,0.027872582480091012
1759,0.027288231949971573,0.02785673678226265
1760,0.02727272727272727,0.02784090909090909
1761,0.027257240204429302,0.027825099375354913
1762,0.02724177071509648,0.027809307604994324
1763,0.027226318774815655,0.027793533749290982
1764,0.027210884353741496,0.027777777777777776
1765,0.027195467422096317,0.027762039660056657
1766,0.027180067950169876,0.027746319365798414
1767,0.027164685908319185,0.027730616864742503
1768,0.027149321266968326,0.02771493212669683
1769,0.027133973996608253,0.027699265121537593
1770,0.02711864406779661,0.02768361581920904
1771,0.02710333145115754,0.02766798418972332
1772,0.02708803611738149,0.027652370203160272
1773,0.02707275803722504,0.02763677382966723
1774,0.02705749718151071,0.02762119503945885
1775,0.027042253521126762,0.0276056338028169
1776,0.02702702702702703,0.02759009009009009
1777,0.027011817670230726,0.027574563871693866
1778,0.02699662542182227,0.027559055118110236
1779,0.026981450252951095,0.027543563799887576
1780,0.02696629213483146,0.02752808988764045
1781,0.02695115103874228,0.027512633352049412
1782,0.02749719416386083,0.028058361391694726
1783,0.027481772293886708,0.028042624789680313
1784,0.027466367713004484,0.028026905829596414
1785,0.027450980392156862,0.028011204481792718
1786,0.027435610302351622,0.027995520716685332
1787,0.027420257414661444,0.027979854504756575
1788,0.027404921700223715,0.02796420581655481
1789,0.02738960313024036,0.027948574622694244
1790,0.027374301675977653,0.027932960893854747
1791,0.027359017308766054,0.027917364600781685
1792,0.02734375,0.027901785714285716
1793,0.027328499721137756,0.02788622420524261
1794,0.027870680044593088,0.028428093645484948
1795,0.027855153203342618,0.02841225626740947
1796,0.02783964365256125,0.02839643652561247
1797,0.027824151363383415,0.028380634390651086
1798,0.027808676307007785,0.02836484983314794
1799,0.027793218454697052,0.028349082823790995
1800,0.027777777777777776,0.028333333333333332
1801,0.0277623542476402,0.028317601332593003
1802,0.02774694783573807,0.02830188679245283
1803,0.027731558513588463,0.028286189683860232
1804,0.02771618625277162,0.02827050997782705
1805,0.027700831024930747,0.028254847645429362
1806,0.02768549280177187,0.02823920265780731
1807,0.02767017155506364,0.028223574986164915
1808,0.02765486725663717,0.02820796460176991
1809,0.027639579878385848,0.028192371475953566
1810,0.027624309392265192,0.0281767955801105
1811,0.027609055770292656,0.02816123688569851
1812,0.02759381898454746,0.028145695364238412
1813,0.027578599007170437,0.028130170987313845
1814,0.027563395810363836,0.028114663726571114
1815,0.027548209366391185,0.02809917355371901
1816,0.02753303964757709,0.028083700440528634
1817,0.0275178866263071,0.02806824435883324
1818,0.027502750275027504,0.028052805280528052
1819,0.02748763056624519,0.028037383177570093
1820,0.027472527472527472,0.028021978021978023
1821,0.027457440966501923,0.02800658978583196
1822,0.027442371020856202,0.027991218441273325
1823,0.027427317608337904,0.027975863960504662
1824,0.027412280701754384,0.027960526315789474
1825,0.0273972602739726,0.027945205479452055
1826,0.027382256297918947,0.02792990142387733
1827,0.02736726874657909,0.027914614121510674
1828,0.02735229759299781,0.027899343544857767
1829,0.02733734281027884,0.027884089666484417
1830,0.027868852459016394,0.02841530054644809
1831,0.02785363189513927,0.028399781540142
1832,0.027838427947598252,0.028384279475982533
1833,0.027823240589198037,0.028368794326241134
1834,0.027808069792802616,0.028353326063249727
1835,0.02779291553133515,0.028337874659400544
1836,0.027777777777777776,0.02832244008714597
1837,0.027762656505171474,0.028307022318998367
1838,0.027747551686615888,0.028291621327529923
1839,0.02773246329526917,0.028276237085372486
1840,0.027717391304347826,0.02826086956521739
1841,0.027702335687126562,0.028245518739815317
1842,0.02768729641693811,0.02823018458197611
1843,0.027672273467173086,0.02821486706456864
1844,0.027657266811279828,0.028199566160520606
1845,0.027642276422764227,0.028184281842818428
1846,0.0276273022751896,0.028169014084507043
1847,0.027612344342176503,0.028153762858689767
1848,0.027597402597402596,0.02813852813852814
1849,0.027582477014602487,0.028123309897241752
1850,0.027567567567567567,0.02810810810810811
1851,0.027552674230145867,0.028092922744462453
1852,0.0275377969762419,0.028077753779697623
1853,0.027522935779816515,0.028062601187263895
1854,0.02750809061488673,0.028047464940668825
1855,0.027493261455525605,0.028032345013477088
1856,0.02747844827586207,0.028017241379310345
1857,0.027463651050080775,0.028002154011847066
1858,0.02744886975242196,0.02798708288482239
1859,0.027434104357181282,0.027972027972027972
1860,0.027419354838709678,0.02795698924731183
1861,0.027404621171413217,0.027941966684578184
1862,0.027389903329752954,0.027926960257787327
1863,0.027375201288244767,0.027911969940955447
1864,0.02736051502145923,0.027896995708154508
1865,0.027345844504021447,0.027882037533512063
1866,0.027331189710610933,0.027867095391211148
1867,0.027316550615961437,0.02785216925549009
1868,0.027301927194860815,0.027837259100642397
1869,0.027287319422150885,0.027822364901016586
1870,0.02727272727272727,0.027807486631016044
1871,0.027258150721539285,0.02779262426509888
1872,0.027243589743589744,0.027777777777777776
1873,0.027229044313934865,0.027762947143619862
1874,0.027214514407684097,0.02774813233724653
1875,0.0272,0.027733333333333332
1876,0.027185501066098083,0.02771855010660981
1877,0.02717101758124667,0.02770378263185935
1878,0.027156549520766772,0.027689030883919063
1879,0.027142096860031932,0.027674294837679615
1880,0.027127659574468086,0.027659574468085105
1881,0.02711323763955343,0.02764486975013291
1882,0.02709883103081828,0.02763018065887354
1883,0.027615507169410514,0.028146574614976102
1884,0.027600849256900213,0.02813163481953291
1885,0.027586206896551724,0.028116710875331564
1886,0.027571580063626724,0.028101802757158005
1887,0.02755696873343932,0.028086910439851617
1888,0.02754237288135593,0.028072033898305086
1889,0.02752779248279513,0.028057173107464268
1890,0.027513227513227514,0.028042328042328042
1891,0.02749867794817557,0.028027498677948175
1892,0.02748414376321353,0.028012684989429177
1893,0.02746962493396725,0.027997886951928157
1894,0.027455121436114043,0.0279831045406547
1895,0.027440633245382585,0.027968337730870714
1896,0.027426160337552744,0.027953586497890294
1897,0.027411702688455455,0.0279388508170796
1898,0.0273972602739726,0.02792413066385669
1899,0.02738283307003686,0.027909426013691417
1900,0.02736842105263158,0.027894736842105264
1901,0.027354024197790636,0.027880063124671225
1902,0.027339642481598318,0.02786540483701367
1903,0.027325275880189175,0.027850761954808196
1904,0.0273109243697479,0.027836134453781514
1905,0.027296587926509186,0.027821522309711286
1906,0.02728226652675761,0.027806925498426022
1907,0.027267960146827478,0.02779234399580493
1908,0.027253668763102725,0.027777777777777776
1909,0.027239392352016764,0.02776322682032478
1910,0.027225130890052355,0.02774869109947644
1911,0.027210884353741496,0.02773417059131345
1912,0.027196652719665274,0.027719665271966527
1913,0.027182435964453737,0.02770517511761631
1914,0.027168234064785787,0.027690700104493208
1915,0.027154046997389034,0.027676240208877285
1916,0.027139874739039668,0.027661795407098122
1917,0.027125717266562335,0.02764736567553469
1918,0.027111574556830033,0.027632950990615225
1919,0.02709744658676394,0.027618551328817093
1920,0.027083333333333334,0.027604166666666666
1921,0.02706923477355544,0.027589796980739198
1922,0.027055150884495317,0.027575442247658687
1923,0.02704108164326573,0.027561102444097763
1924,0.02702702702702703,0.02754677754677755
1925,0.027012987012987013,0.027532467532467533
1926,0.02699896157840083,0.027518172377985463
1927,0.026984950700570835,0.027503892060197196
1928,0.026970954356846474,0.027489626556016597
1929,0.02695697252462416,0.027475375842405392
1930,0.02694300518134715,0.027461139896373058
1931,0.026929052304505437,0.027446918694976695
1932,0.026915113871635612,0.027432712215320912
1933,0.026901189860320744,0.027418520434557683
1934,0.02688728024819028,0.027404343329886244
1935,0.026873385012919897,0.02739018087855297
1936,0.026859504132231406,0.02737603305785124
1937,0.026845637583892617,0.027361899845121322
1938,0.026831785345717233,0.027347781217750257
1939,0.026817947395564725,0.027333677153171736
1940,0.026804123711340205,0.02731958762886598
1941,0.026790314270994334,0.02730551262235961
1942,0.026776519052523172,0.02729145211122554
1943,0.02676273803396809,0.027277406073082863
1944,0.026748971193415638,0.02726337448559671
1945,0.02673521850899743,0.02724935732647815
1946,0.02672147995889003,0.02723535457348407
1947,0.02670775552131484,0.027221366204417053
1948,0.027207392197125257,0.027720739219712527
1949,0.02719343252950231,0.027706516162134428
1950,0.02717948717948718,0.027692307692307693
1951,0.02716555612506407,0.027678113787801127
1952,0.027151639344262294,0.027663934426229508
1953,0.02713773681515617,0.027649769585253458
1954,0.02712384851586489,0.027635619242579325
1955,0.02710997442455243,0.02762148337595908
1956,0.0270961145194274,0.027607361963190184
1957,0.027082268778742973,0.027593254982115484
1958,0.027068437180796732,0.027579162410623085
1959,0.027054619703930576,0.027565084226646247
1960,0.027040816326530614,0.027551020408163266
1961,0.02702702702702703,0.027536970933197347
1962,0.027013251783893986,0.027522935779816515
1963,0.026999490575649515,0.02750891492613347
1964,0.0269857433808554,0.0274949083503055
1965,0.02697201017811705,0.02748091603053435
1966,0.02695829094608342,0.027466937945066123
1967,0.026944585663446874,0.027452974072191154
1968,0.02693089430894309,0.027439024390243903
1969,0.02691721686135094,0.027425088877602845
1970,0.026903553299492386,0.027411167512690356
1971,0.026889903602232368,0.0273972602739726
1972,0.0268762677484787,0.02738336713995943
1973,0.026862645717181957,0.027369488089204256
1974,0.02684903748733536,0.02735562310030395
1975,0.026835443037974683,0.027341772151898733
1976,0.026821862348178137,0.027327935222672066
1977,0.02680829539706626,0.027314112291350532
1978,0.02679474216380182,0.027300303336703743
1979,0.026781202627589692,0.027286508337544216
1980,0.026767676767676767,0.02727272727272727
1981,0.02675416456335184,0.027258960121150935
1982,0.02674066599394551,0.027245206861755803
1983,0.026727181038830056,0.02723146747352496
1984,0.026713709677419355,0.02721774193548387
1985,0.027204030226700253,0.027707808564231738
1986,0.027190332326283987,0.02769385699899295
1987,0.027176648213387014,0.027679919476597887
1988,0.02716297786720322,0.02766599597585513
1989,0.027149321266968326,0.027652086475615886
1990,0.027135678391959798,0.02763819095477387
1991,0.027122049221496736,0.027624309392265192
1992,0.02710843373493976,0.027610441767068273
1993,0.027094831911690917,0.027596588058203714
1994,0.02708124373119358,0.027582748244734202
1995,0.02706766917293233,0.02756892230576441
1996,0.027054108216432865,0.02755511022044088
1997,0.02704056084126189,0.02754131196795193
1998,0.02702702702702703,0.027527527527527528
1999,0.027013506753376687,0.02751375687843922
2000,0.027,0.0275
